gnd,year,age,dm1_pop,dm1_dead,irs_posinc_pop,irs_posinc_dead,irs_zeroinc_pop,irs_zeroinc_dead,irs_pop,irs_dead,cdc_dead,cdc_pop
F,2001,40,2684874,3156,2159694.0,2095.0,297882.0,805.0,2466326.0,2912.0,3537,2322098
F,2002,40,2677147,3106,2150936.0,2185.0,288192.0,762.0,2448778.0,2953.0,3448,2291233
F,2003,40,2658858,3116,2128153.0,2169.0,285352.0,804.0,2424402.0,2982.0,3476,2285662
F,2004,40,2633100,2983,2096748.0,1996.0,285326.0,850.0,2394192.0,2860.0,3375,2287941
F,2005,40,2512057,2861,1973816.0,1925.0,281372.0,843.0,2267101.0,2774.0,3157,2244129
F,2006,40,2434811,2690,1906816.0,1768.0,267285.0,831.0,2185806.0,2617.0,2953,2102820
F,2007,40,2411121,2665,1878282.0,1792.0,259863.0,804.0,2149780.0,2604.0,2900,2050266
F,2008,40,2432731,2548,1886711.0,1716.0,254384.0,782.0,2154092.0,2511.0,2795,2043855
F,2009,40,2492184,2632,1952872.0,1808.0,233622.0,771.0,2201293.0,2593.0,2858,2081313
F,2010,40,2579753,2647,2014978.0,1771.0,241476.0,842.0,2273425.0,2628.0,2712,2192025
F,2011,40,2515603,2479,1933130.0,1638.0,246763.0,819.0,2195437.0,2464.0,2821,2175750
F,2012,40,2398659,2377,1814652.0,1593.0,236729.0,767.0,2063078.0,2367.0,2654,2055091
F,2013,40,2326129,2333,1744118.0,1497.0,235946.0,803.0,1990562.0,2308.0,2596,1968259
F,2014,40,2340978,2443,1700703.0,1493.0,290926.0,924.0,1997174.0,2424.0,2530,1940627
F,2001,41,2696330,3485,2159896.0,2406.0,303995.0,843.0,2473105.0,3261.0,3731,2358452
F,2002,41,2681718,3461,2173288.0,2414.0,279990.0,838.0,2463414.0,3266.0,3847,2326545
F,2003,41,2674041,3370,2149536.0,2289.0,284937.0,924.0,2445825.0,3225.0,3768,2296230
F,2004,41,2655742,3291,2121309.0,2237.0,287184.0,934.0,2421420.0,3181.0,3575,2291770
F,2005,41,2630117,3187,2089375.0,2109.0,288885.0,976.0,2391332.0,3093.0,3600,2295371
F,2006,41,2509196,2942,1974621.0,1880.0,277083.0,1002.0,2264327.0,2887.0,3436,2252637
F,2007,41,2432121,2922,1908792.0,1922.0,262175.0,918.0,2183189.0,2859.0,3149,2111306
F,2008,41,2408456,2924,1881094.0,1881.0,252684.0,972.0,2147176.0,2874.0,3099,2058913
F,2009,41,2430183,2781,1904925.0,1883.0,232034.0,860.0,2151581.0,2749.0,3047,2052619
F,2010,41,2489552,2753,1945837.0,1880.0,235651.0,851.0,2198700.0,2742.0,2911,2067167
F,2011,41,2577106,2874,2003862.0,1877.0,249887.0,965.0,2270797.0,2858.0,2960,2197115
F,2012,41,2513124,2773,1935464.0,1792.0,244518.0,960.0,2192973.0,2757.0,3036,2177317
F,2013,41,2396282,2661,1808320.0,1732.0,241181.0,896.0,2060711.0,2641.0,2890,2056391
F,2014,41,2323796,2664,1690393.0,1664.0,291964.0,969.0,1988254.0,2641.0,2930,1977497
F,2001,42,2666132,3597,2142924.0,2444.0,295505.0,915.0,2447782.0,3366.0,3970,2276695
F,2002,42,2692845,3725,2173660.0,2584.0,285824.0,934.0,2469844.0,3530.0,4154,2360011
F,2003,42,2678257,3703,2170071.0,2562.0,278122.0,960.0,2460148.0,3537.0,4167,2326876
F,2004,42,2670671,3532,2141923.0,2309.0,287351.0,1089.0,2442600.0,3409.0,4037,2296066
F,2005,42,2652451,3597,2113555.0,2332.0,290901.0,1138.0,2418239.0,3488.0,4039,2291530
F,2006,42,2626930,3620,2089403.0,2360.0,285162.0,1156.0,2388239.0,3529.0,3957,2294736
F,2007,42,2506254,3178,1975663.0,2069.0,272707.0,1017.0,2261440.0,3110.0,3540,2251520
F,2008,42,2429199,3148,1910499.0,2065.0,255905.0,1013.0,2180330.0,3094.0,3433,2109888
F,2009,42,2405532,3106,1899523.0,2112.0,229965.0,959.0,2144302.0,3079.0,3302,2056603
F,2010,42,2427402,2967,1897347.0,1949.0,234415.0,987.0,2148832.0,2950.0,3107,2047451
F,2011,42,2486799,3031,1934463.0,1923.0,244213.0,1063.0,2195958.0,3001.0,3327,2088504
F,2012,42,2574232,3148,2005064.0,2048.0,248511.0,1054.0,2267939.0,3114.0,3295,2198171
F,2013,42,2510351,3061,1928112.0,2045.0,249409.0,982.0,2190216.0,3041.0,3337,2177715
F,2014,42,2393621,2912,1750280.0,1777.0,301581.0,1111.0,2058070.0,2890.0,3306,2064604
F,2001,43,2634214,3843,2117966.0,2628.0,292092.0,953.0,2419628.0,3589.0,4420,2281350
F,2002,43,2662535,4066,2155025.0,2836.0,278596.0,1022.0,2444416.0,3868.0,4571,2279943
F,2003,43,2689120,4079,2169336.0,2766.0,284991.0,1107.0,2466314.0,3887.0,4444,2363514
F,2004,43,2674554,4055,2160583.0,2712.0,282009.0,1185.0,2456611.0,3913.0,4497,2331007
F,2005,43,2667139,4048,2132460.0,2663.0,292463.0,1246.0,2439191.0,3926.0,4487,2301346
F,2006,43,2648854,3964,2112801.0,2559.0,287559.0,1289.0,2414751.0,3861.0,4400,2297856
F,2007,43,2623310,3775,2088967.0,2445.0,281609.0,1243.0,2384710.0,3704.0,4159,2301759
F,2008,43,2503076,3550,1976916.0,2357.0,266570.0,1136.0,2258330.0,3506.0,3983,2259139
F,2009,43,2426051,3377,1928481.0,2215.0,233421.0,1108.0,2177236.0,3330.0,3770,2117558
F,2010,43,2402426,3169,1889486.0,2127.0,234250.0,1003.0,2141223.0,3150.0,3491,2069115
F,2011,43,2424435,3341,1885645.0,2226.0,242833.0,1076.0,2145882.0,3319.0,3531,2049430
F,2012,43,2483768,3303,1935267.0,2148.0,243024.0,1109.0,2192957.0,3272.0,3508,2089016
F,2013,43,2571084,3400,1995604.0,2198.0,255291.0,1168.0,2264825.0,3381.0,3622,2197973
F,2014,43,2507290,3425,1863674.0,2104.0,316431.0,1291.0,2187175.0,3402.0,3658,2184835
F,2001,44,2655356,4303,2133425.0,2915.0,293004.0,1095.0,2436473.0,4026.0,4684,2262324
F,2002,44,2630371,4398,2128299.0,3016.0,276876.0,1118.0,2416039.0,4151.0,4806,2278277
F,2003,44,2658469,4355,2149924.0,3016.0,278038.0,1128.0,2440548.0,4158.0,4857,2274320
F,2004,44,2685041,4374,2159337.0,2895.0,288880.0,1309.0,2462427.0,4220.0,4742,2355630
F,2005,44,2670499,4333,2151145.0,2830.0,286740.0,1352.0,2452698.0,4199.0,4784,2321347
F,2006,44,2663091,4268,2130881.0,2679.0,289379.0,1456.0,2435265.0,4149.0,4779,2290114
F,2007,44,2644890,4227,2111337.0,2743.0,284655.0,1377.0,2410890.0,4142.0,4627,2284312
F,2008,44,2619535,4281,2088590.0,2784.0,276211.0,1416.0,2381006.0,4220.0,4614,2286129
F,2009,44,2499526,3911,1994637.0,2570.0,243795.0,1284.0,2254824.0,3872.0,4404,2241348
F,2010,44,2422674,3678,1917572.0,2392.0,238196.0,1257.0,2173906.0,3662.0,3980,2121229
F,2011,44,2399257,3596,1877063.0,2331.0,243335.0,1224.0,2138073.0,3566.0,3914,2060687
F,2012,44,2421094,3535,1885410.0,2336.0,242364.0,1159.0,2142563.0,3508.0,3736,2049632
F,2013,44,2480465,3555,1925385.0,2333.0,250090.0,1190.0,2189685.0,3536.0,3779,2088590
F,2014,44,2567684,3746,1926636.0,2304.0,327262.0,1411.0,2261444.0,3725.0,4054,2204527
F,2001,45,2600647,4601,2084722.0,3130.0,288583.0,1157.0,2383748.0,4296.0,4940,2180011
F,2002,45,2651053,4706,2142964.0,3225.0,278042.0,1215.0,2432447.0,4458.0,5191,2260411
F,2003,45,2625973,4748,2122779.0,3222.0,276441.0,1298.0,2411888.0,4546.0,5185,2275557
F,2004,45,2654114,4660,2139518.0,3059.0,282097.0,1398.0,2436390.0,4479.0,5140,2271294
F,2005,45,2680667,4834,2148859.0,3160.0,294145.0,1515.0,2458207.0,4686.0,5163,2352677
F,2006,45,2666166,4836,2147366.0,3183.0,285743.0,1506.0,2448499.0,4712.0,5242,2318320
F,2007,45,2658823,4604,2128807.0,2962.0,286954.0,1536.0,2431116.0,4516.0,4926,2286767
F,2008,45,2640663,4662,2109985.0,3028.0,279937.0,1539.0,2406748.0,4590.0,4987,2280805
F,2009,45,2615254,4570,2105368.0,3049.0,253591.0,1435.0,2376786.0,4509.0,4932,2282194
F,2010,45,2495615,4096,1981674.0,2615.0,249885.0,1447.0,2250952.0,4079.0,4461,2271418
F,2011,45,2418996,4084,1903523.0,2562.0,248271.0,1469.0,2170244.0,4048.0,4324,2101047
F,2012,45,2395661,3843,1875959.0,2473.0,243444.0,1307.0,2134507.0,3797.0,4176,2060421
F,2013,45,2417559,3775,1875478.0,2419.0,249131.0,1310.0,2139055.0,3741.0,4126,2048451
F,2014,45,2476910,3967,1856773.0,2376.0,321553.0,1548.0,2186149.0,3942.0,4180,2094227
F,2001,46,2531789,4852,2021641.0,3288.0,283456.0,1217.0,2315592.0,4514.0,5181,2188271
F,2002,46,2596046,5057,2093455.0,3455.0,274366.0,1300.0,2379452.0,4778.0,5248,2180913
F,2003,46,2646347,5100,2136239.0,3462.0,278438.0,1398.0,2427989.0,4876.0,5587,2262137
F,2004,46,2621225,5174,2111002.0,3423.0,281215.0,1519.0,2407342.0,4969.0,5727,2278419
F,2005,46,2649454,5135,2128607.0,3407.0,287546.0,1545.0,2431911.0,4976.0,5623,2276013
F,2006,46,2675833,5098,2145068.0,3330.0,292572.0,1614.0,2453521.0,4961.0,5527,2359182
F,2007,46,2661330,4986,2143128.0,3216.0,284796.0,1639.0,2443787.0,4872.0,5502,2325773
F,2008,46,2654219,5094,2126552.0,3351.0,282932.0,1645.0,2426600.0,5019.0,5470,2295486
F,2009,46,2636001,5062,2126426.0,3353.0,257132.0,1617.0,2402158.0,4996.0,5486,2290719
F,2010,46,2610684,4876,2089333.0,3148.0,261654.0,1661.0,2372277.0,4837.0,5342,2288779
F,2011,46,2491519,4537,1965928.0,2904.0,261157.0,1580.0,2246873.0,4501.0,5123,2232716
F,2012,46,2414912,4196,1901526.0,2728.0,249017.0,1415.0,2166196.0,4162.0,4666,2100030
F,2013,46,2391818,4235,1864719.0,2627.0,251155.0,1548.0,2130710.0,4195.0,4486,2058350
F,2014,46,2413784,4186,1806238.0,2496.0,321299.0,1653.0,2135314.0,4163.0,4501,2053539
F,2001,47,2496340,5179,1994289.0,3559.0,279638.0,1285.0,2285002.0,4863.0,5404,2109830
F,2002,47,2526937,5156,2028541.0,3540.0,270614.0,1347.0,2311078.0,4906.0,5653,2189603
F,2003,47,2590989,5435,2085562.0,3665.0,275593.0,1492.0,2374674.0,5184.0,5757,2183207
F,2004,47,2641247,5472,2124491.0,3647.0,282784.0,1591.0,2423113.0,5267.0,5904,2265496
F,2005,47,2616051,5417,2099119.0,3551.0,287272.0,1670.0,2402373.0,5241.0,6027,2283353
F,2006,47,2644319,5559,2123192.0,3637.0,287252.0,1749.0,2426935.0,5413.0,6038,2282479
F,2007,47,2670735,5643,2139901.0,3640.0,292224.0,1831.0,2448560.0,5502.0,6149,2367220
F,2008,47,2656344,5571,2139108.0,3543.0,282041.0,1903.0,2438915.0,5469.0,6063,2334953
F,2009,47,2649125,5586,2141919.0,3706.0,260732.0,1773.0,2421581.0,5508.0,6053,2305711
F,2010,47,2630939,5472,2109063.0,3517.0,266423.0,1871.0,2397162.0,5422.0,5739,2297017
F,2011,47,2605808,5279,2072127.0,3289.0,273588.0,1921.0,2367440.0,5238.0,5592,2286253
F,2012,47,2486982,4907,1963489.0,3112.0,261902.0,1721.0,2242372.0,4860.0,5404,2230790
F,2013,47,2410716,4708,1889280.0,2971.0,257491.0,1670.0,2162034.0,4664.0,5151,2097185
F,2014,47,2387583,4651,1794872.0,2697.0,323450.0,1879.0,2126515.0,4593.0,4929,2062844
F,2001,48,2406838,5213,1923002.0,3594.0,269364.0,1289.0,2203368.0,4895.0,5514,2046074
F,2002,48,2491161,5647,2000246.0,3968.0,267717.0,1366.0,2280139.0,5352.0,6052,2107972
F,2003,48,2521781,5659,2021115.0,3869.0,271358.0,1511.0,2306172.0,5397.0,6083,2186886
F,2004,48,2585554,5813,2073071.0,3896.0,280598.0,1690.0,2369490.0,5607.0,6114,2179769
F,2005,48,2635775,6095,2111813.0,3980.0,289284.0,1887.0,2417846.0,5903.0,6478,2261293
F,2006,48,2610634,6005,2094123.0,3900.0,286380.0,1912.0,2397132.0,5840.0,6516,2278808
F,2007,48,2638760,6168,2117111.0,4045.0,287604.0,1960.0,2421522.0,6040.0,6521,2277094
F,2008,48,2665092,6227,2135069.0,4052.0,289834.0,2055.0,2443058.0,6135.0,6458,2360935
F,2009,48,2650773,6161,2153526.0,4044.0,260473.0,2017.0,2433446.0,6092.0,6594,2327859
F,2010,48,2643539,5806,2122462.0,3673.0,271076.0,2044.0,2416073.0,5753.0,6197,2301062
F,2011,48,2625467,5777,2090851.0,3621.0,278470.0,2062.0,2391740.0,5717.0,6209,2291974
F,2012,48,2600529,5768,2067422.0,3665.0,275997.0,2030.0,2362202.0,5716.0,6159,2283327
F,2013,48,2482075,5313,1948961.0,3372.0,272009.0,1869.0,2237512.0,5270.0,5756,2227171
F,2014,48,2406008,5093,1817612.0,2940.0,331161.0,2072.0,2157370.0,5033.0,5640,2100753
F,2001,49,2370273,5703,1887085.0,3972.0,268656.0,1355.0,2167189.0,5352.0,6078,1981763
F,2002,49,2401625,5867,1927271.0,4164.0,258920.0,1386.0,2198473.0,5568.0,6220,2046892
F,2003,49,2485514,6067,1991872.0,4105.0,268835.0,1657.0,2274787.0,5794.0,6422,2109478
F,2004,49,2516122,6015,2007852.0,3998.0,276583.0,1736.0,2300775.0,5763.0,6528,2189528
F,2005,49,2579741,6332,2059594.0,4181.0,287446.0,1914.0,2363883.0,6129.0,6813,2183752
F,2006,49,2629680,6372,2104972.0,4088.0,289677.0,2064.0,2411943.0,6183.0,6927,2266666
F,2007,49,2604629,6400,2087329.0,4169.0,286908.0,2056.0,2391292.0,6255.0,6736,2285359
F,2008,49,2632592,6578,2110691.0,4295.0,286404.0,2142.0,2415482.0,6468.0,7100,2284804
F,2009,49,2658865,6567,2149723.0,4337.0,267373.0,2113.0,2436923.0,6485.0,6969,2370091
F,2010,49,2644612,6485,2132448.0,4172.0,272180.0,2225.0,2427354.0,6438.0,6884,2341230
F,2011,49,2637733,6309,2103270.0,3913.0,283626.0,2303.0,2410320.0,6251.0,6912,2293314
F,2012,49,2619690,6222,2085532.0,3877.0,280978.0,2258.0,2386023.0,6170.0,6687,2288286
F,2013,49,2594761,6188,2051722.0,3828.0,286497.0,2283.0,2356486.0,6140.0,6783,2279031
F,2014,49,2476762,5829,1874426.0,3415.0,348481.0,2328.0,2232242.0,5757.0,6485,2229216
F,2001,50,2285745,5919,1821592.0,4165.0,258967.0,1408.0,2091867.0,5592.0,6160,1937183
F,2002,50,2364570,6248,1891127.0,4335.0,258073.0,1561.0,2161837.0,5926.0,6410,1978124
F,2003,50,2395758,6378,1918453.0,4372.0,260382.0,1698.0,2192905.0,6101.0,6683,2041746
F,2004,50,2479447,6578,1978272.0,4485.0,274268.0,1788.0,2268993.0,6307.0,6897,2102958
F,2005,50,2510107,6699,1995057.0,4452.0,282873.0,1980.0,2295012.0,6460.0,7250,2181791
F,2006,50,2573409,6798,2053106.0,4411.0,287563.0,2155.0,2357754.0,6617.0,7190,2175011
F,2007,50,2623308,6808,2097326.0,4460.0,290764.0,2156.0,2405760.0,6653.0,7425,2256393
F,2008,50,2598229,7114,2080338.0,4614.0,285961.0,2339.0,2385037.0,7002.0,7579,2273904
F,2009,50,2626014,7246,2123654.0,4711.0,265313.0,2389.0,2409014.0,7142.0,7523,2271859
F,2010,50,2652298,7066,2126910.0,4533.0,280019.0,2441.0,2430438.0,7012.0,7527,2359941
F,2011,50,2638127,7194,2111125.0,4529.0,285842.0,2555.0,2420916.0,7141.0,7584,2329956
F,2012,50,2631424,6959,2096642.0,4345.0,287026.0,2505.0,2404069.0,6899.0,7385,2288813
F,2013,50,2613468,6918,2067442.0,4231.0,293164.0,2586.0,2379853.0,6858.0,7282,2283376
F,2014,50,2588573,6740,1971644.0,3859.0,368393.0,2800.0,2350346.0,6678.0,7206,2279824
F,2001,51,2209893,6110,1733987.0,4186.0,264036.0,1541.0,2009421.0,5761.0,6524,1933991
F,2002,51,2279826,6366,1824087.0,4451.0,249564.0,1600.0,2086275.0,6084.0,6773,1939473
F,2003,51,2358322,6732,1880991.0,4627.0,260515.0,1811.0,2155911.0,6469.0,7020,1982259
F,2004,51,2389380,6725,1904200.0,4502.0,265967.0,1934.0,2186804.0,6468.0,7081,2048324
F,2005,51,2472869,7254,1963894.0,4723.0,281251.0,2261.0,2262686.0,7023.0,7577,2112391
F,2006,51,2503408,7028,1987281.0,4568.0,283782.0,2223.0,2288552.0,6836.0,7601,2194302
F,2007,51,2566611,7481,2043877.0,4766.0,289613.0,2497.0,2351137.0,7308.0,7871,2189912
F,2008,51,2616500,7620,2089538.0,4836.0,290297.0,2611.0,2399107.0,7492.0,7917,2274367
F,2009,51,2591115,7361,2092785.0,4876.0,264996.0,2346.0,2378035.0,7275.0,7947,2294505
F,2010,51,2618768,7602,2099405.0,4851.0,279035.0,2639.0,2401872.0,7536.0,7887,2273865
F,2011,51,2645232,7712,2105196.0,4880.0,293786.0,2703.0,2423426.0,7636.0,8140,2347996
F,2012,51,2630933,7616,2102110.0,4821.0,290700.0,2682.0,2413775.0,7545.0,8173,2324789
F,2013,51,2624465,7539,2077655.0,4701.0,299611.0,2726.0,2397170.0,7464.0,8081,2283411
F,2014,51,2606550,7534,1984477.0,4356.0,377520.0,3073.0,2372995.0,7456.0,8153,2283261
F,2001,52,2189252,6658,1721504.0,4626.0,265108.0,1611.0,1998339.0,6264.0,7135,1867556
F,2002,52,2203783,6850,1736123.0,4784.0,255102.0,1673.0,2003660.0,6489.0,7022,1930904
F,2003,52,2273460,7037,1813289.0,4810.0,252309.0,1919.0,2080191.0,6763.0,7340,1935134
F,2004,52,2351590,7029,1866361.0,4659.0,266313.0,2068.0,2149442.0,6778.0,7324,1976684
F,2005,52,2382655,7485,1889694.0,4970.0,273056.0,2218.0,2180336.0,7229.0,7840,2041805
F,2006,52,2465615,7626,1955065.0,5022.0,282583.0,2370.0,2255663.0,7423.0,7965,2104762
F,2007,52,2496380,7758,1977665.0,4983.0,286402.0,2527.0,2281716.0,7554.0,8025,2185395
F,2008,52,2559130,8088,2034214.0,5176.0,290375.0,2683.0,2343829.0,7910.0,8407,2179899
F,2009,52,2608880,8276,2100589.0,5539.0,270249.0,2578.0,2391615.0,8161.0,8765,2262914
F,2010,52,2583754,8088,2067059.0,5133.0,279696.0,2831.0,2370760.0,8020.0,8717,2293600
F,2011,52,2611166,8337,2076831.0,5272.0,292997.0,2904.0,2394336.0,8243.0,8730,2281399
F,2012,52,2637520,8243,2095265.0,5073.0,299166.0,3042.0,2415790.0,8171.0,8648,2342152
F,2013,52,2623317,8203,2081246.0,5079.0,304537.0,2972.0,2406230.0,8105.0,8749,2318522
F,2014,52,2616926,8334,1992284.0,4824.0,385770.0,3384.0,2389706.0,8243.0,8708,2282051
F,2001,53,2165529,7233,1696152.0,4958.0,269346.0,1844.0,1977779.0,6850.0,7824,1855738
F,2002,53,2182594,7145,1722920.0,4916.0,256398.0,1878.0,1992075.0,6826.0,7718,1867431
F,2003,53,2196933,7243,1725385.0,5001.0,257455.0,1901.0,1997171.0,6956.0,7663,1931805
F,2004,53,2266423,7334,1797939.0,5041.0,258314.0,1993.0,2073428.0,7072.0,7550,1937112
F,2005,53,2344561,7788,1851513.0,5105.0,273237.0,2362.0,2142664.0,7515.0,8021,1980116
F,2006,53,2375170,7845,1880102.0,5132.0,275076.0,2441.0,2173107.0,7623.0,8187,2046556
F,2007,53,2457989,8040,1943919.0,5146.0,286172.0,2647.0,2248240.0,7841.0,8282,2110678
F,2008,53,2488622,8319,1967372.0,5276.0,287354.0,2827.0,2274162.0,8151.0,8602,2192990
F,2009,53,2551042,8816,2045674.0,5769.0,269683.0,2854.0,2335919.0,8674.0,9069,2188666
F,2010,53,2600604,8801,2073133.0,5592.0,286004.0,3041.0,2383454.0,8703.0,8894,2239000
F,2011,53,2575666,8791,2043689.0,5539.0,293967.0,3105.0,2362740.0,8704.0,9094,2274943
F,2012,53,2602829,8774,2065009.0,5511.0,299472.0,3117.0,2386093.0,8688.0,9119,2275082
F,2013,53,2629277,8898,2072475.0,5440.0,313935.0,3327.0,2407619.0,8829.0,9353,2335280
F,2014,53,2615114,8860,1994226.0,5025.0,392101.0,3733.0,2398125.0,8784.0,9584,2316131
F,2001,54,2229396,8061,1753281.0,5597.0,279340.0,2001.0,2045564.0,7638.0,8457,1946664
F,2002,54,2158296,7778,1696750.0,5423.0,260830.0,1958.0,1970929.0,7423.0,8376,1855880
F,2003,54,2175449,7911,1710468.0,5418.0,259908.0,2101.0,1985249.0,7560.0,8359,1868710
F,2004,54,2189690,7657,1710032.0,5170.0,263579.0,2159.0,1990215.0,7381.0,8269,1934545
F,2005,54,2259089,7918,1782088.0,5308.0,266231.0,2323.0,2066356.0,7676.0,8266,1941338
F,2006,54,2336773,8237,1840922.0,5375.0,276068.0,2594.0,2135149.0,8021.0,8666,1985489
F,2007,54,2367325,8345,1868527.0,5416.0,278899.0,2685.0,2165484.0,8139.0,8793,2053371
F,2008,54,2449949,8673,1933025.0,5494.0,287718.0,2920.0,2240399.0,8470.0,8921,2119393
F,2009,54,2480303,9024,1978020.0,5947.0,267461.0,2871.0,2266011.0,8876.0,9410,2203336
F,2010,54,2542226,9067,2016949.0,5754.0,286057.0,3144.0,2327245.0,8960.0,9541,2198445
F,2011,54,2591803,9333,2048554.0,5868.0,300733.0,3292.0,2374751.0,9226.0,9830,2259358
F,2012,54,2566875,9243,2030027.0,5711.0,301759.0,3360.0,2354036.0,9131.0,9832,2268178
F,2013,54,2594055,9575,2041096.0,5880.0,314795.0,3518.0,2377405.0,9461.0,9960,2267671
F,2014,54,2620379,9683,1982679.0,5467.0,403816.0,4090.0,2398790.0,9596.0,10154,2331961
F,2001,55,1999865,7965,1549187.0,5493.0,267850.0,2004.0,1829106.0,7541.0,7411,1464238
F,2002,55,2221335,8844,1753783.0,6168.0,269882.0,2203.0,2037926.0,8415.0,9216,1940351
F,2003,55,2150518,8558,1683124.0,5892.0,265037.0,2300.0,1963506.0,8243.0,8954,1848350
F,2004,55,2167538,8384,1694223.0,5759.0,266372.0,2269.0,1977689.0,8089.0,8760,1859415
F,2005,55,2182033,8402,1694011.0,5536.0,271334.0,2538.0,1982834.0,8133.0,8778,1923637
F,2006,55,2251171,8786,1771070.0,5788.0,269257.0,2698.0,2058680.0,8552.0,8979,1928603
F,2007,55,2328536,8853,1828719.0,5698.0,280352.0,2868.0,2127128.0,8615.0,9030,1970420
F,2008,55,2358980,9113,1857600.0,5848.0,280469.0,3039.0,2157345.0,8953.0,9341,2035932
F,2009,55,2441276,9438,1943856.0,6281.0,267402.0,2954.0,2231929.0,9312.0,9727,2099236
F,2010,55,2471279,9412,1947957.0,6019.0,284928.0,3225.0,2257135.0,9325.0,9631,2181236
F,2011,55,2533159,9906,1992201.0,6153.0,300269.0,3569.0,2318285.0,9800.0,10212,2187645
F,2012,55,2582470,10161,2034793.0,6223.0,307968.0,3774.0,2365525.0,10063.0,10465,2251970
F,2013,55,2557632,10048,2006627.0,6148.0,316359.0,3723.0,2344905.0,9937.0,10694,2260195
F,2014,55,2584480,10351,1952127.0,5931.0,403308.0,4302.0,2367944.0,10263.0,11028,2263367
F,2001,56,1696975,7246,1275112.0,4870.0,251236.0,1920.0,1536923.0,6837.0,7958,1463829
F,2002,56,1991900,8533,1549539.0,5904.0,258824.0,2193.0,1821565.0,8145.0,7961,1463840
F,2003,56,2212491,9388,1739036.0,6412.0,274148.0,2530.0,2029511.0,9006.0,9833,1941139
F,2004,56,2141960,8950,1666066.0,5990.0,271718.0,2571.0,1955263.0,8632.0,9456,1850723
F,2005,56,2159154,8932,1676999.0,5834.0,274599.0,2739.0,1969600.0,8647.0,9364,1863943
F,2006,56,2173631,8983,1681976.0,5951.0,275025.0,2736.0,1974701.0,8747.0,9397,1930335
F,2007,56,2242385,9146,1758303.0,5914.0,273658.0,2958.0,2050128.0,8939.0,9446,1936853
F,2008,56,2319683,9488,1817164.0,6218.0,282093.0,3042.0,2118513.0,9323.0,9799,1980548
F,2009,56,2349867,9692,1867397.0,6518.0,260650.0,2964.0,2148392.0,9555.0,10093,2048144
F,2010,56,2431838,10074,1912832.0,6344.0,285481.0,3528.0,2222617.0,9942.0,10338,2081372
F,2011,56,2461867,10111,1922906.0,6383.0,299098.0,3541.0,2247810.0,9992.0,10407,2173959
F,2012,56,2523253,10652,1977385.0,6674.0,308304.0,3777.0,2308485.0,10533.0,11110,2179804
F,2013,56,2572309,10982,2009073.0,6762.0,324010.0,4032.0,2355462.0,10863.0,11397,2243717
F,2014,56,2547584,11219,1918096.0,6358.0,404141.0,4717.0,2334968.0,11123.0,11703,2254749
F,2001,57,1698372,8274,1274966.0,5553.0,255575.0,2234.0,1541437.0,7838.0,8815,1447922
F,2002,57,1689729,7941,1275486.0,5421.0,243162.0,2136.0,1530086.0,7595.0,8552,1459583
F,2003,57,1983367,9154,1535505.0,6232.0,262878.0,2513.0,1813420.0,8809.0,8660,1458769
F,2004,57,2203103,10094,1720831.0,6832.0,280895.0,2830.0,2020505.0,9740.0,10556,1933353
F,2005,57,2133010,9560,1648900.0,6396.0,279519.0,2789.0,1946631.0,9269.0,10221,1842786
F,2006,57,2150222,9556,1664215.0,6262.0,278470.0,2932.0,1960953.0,9270.0,10088,1855370
F,2007,57,2164648,9483,1669336.0,6116.0,279127.0,3072.0,1965954.0,9261.0,10007,1920539
F,2008,57,2233239,9883,1746691.0,6428.0,275396.0,3214.0,2041189.0,9700.0,10054,1926122
F,2009,57,2310195,10252,1827635.0,6805.0,260848.0,3224.0,2109190.0,10100.0,10392,1968595
F,2010,57,2340175,10233,1836103.0,6638.0,278969.0,3376.0,2138837.0,10097.0,10529,2031031
F,2011,57,2421764,10907,1888161.0,6853.0,298528.0,3834.0,2212675.0,10769.0,11308,2098676
F,2012,57,2451756,11172,1908347.0,7007.0,306374.0,3957.0,2237818.0,11039.0,11452,2165714
F,2013,57,2512601,11535,1952440.0,7041.0,322883.0,4292.0,2297952.0,11408.0,11907,2171182
F,2014,57,2561327,11867,1918707.0,6692.0,412699.0,4981.0,2344599.0,11731.0,12409,2237030
F,2001,58,1739051,9390,1310712.0,6261.0,263018.0,2594.0,1585053.0,8918.0,9815,1500388
F,2002,58,1690098,8864,1274842.0,5957.0,246997.0,2408.0,1533599.0,8430.0,9401,1444145
F,2003,58,1681788,8714,1262631.0,5839.0,246905.0,2466.0,1522491.0,8356.0,9403,1456110
F,2004,58,1974213,9873,1517492.0,6504.0,269944.0,2931.0,1804611.0,9503.0,9234,1455355
F,2005,58,2193009,10895,1700855.0,7181.0,290429.0,3251.0,2010765.0,10525.0,11305,1929365
F,2006,58,2123450,10427,1634572.0,6797.0,284412.0,3272.0,1937362.0,10140.0,11030,1839667
F,2007,58,2140666,10286,1650825.0,6623.0,283144.0,3314.0,1951683.0,10021.0,10676,1852510
F,2008,58,2155165,10140,1656918.0,6498.0,281454.0,3368.0,1956693.0,9936.0,10720,1918225
F,2009,58,2223356,10576,1757067.0,7212.0,254349.0,3131.0,2031489.0,10430.0,10813,1924101
F,2010,58,2299943,10857,1794523.0,6968.0,280453.0,3680.0,2099090.0,10733.0,11171,1960120
F,2011,58,2329942,11333,1810844.0,7135.0,292300.0,3993.0,2128740.0,11211.0,11376,2026114
F,2012,58,2410857,11624,1871414.0,7253.0,307406.0,4128.0,2201906.0,11484.0,11875,2089942
F,2013,58,2440584,11958,1881943.0,7401.0,322322.0,4326.0,2226779.0,11804.0,12323,2156648
F,2014,58,2501066,12435,1860469.0,7083.0,412642.0,5156.0,2286544.0,12288.0,12721,2163798
F,2001,59,1686873,9811,1250618.0,6522.0,270246.0,2749.0,1531614.0,9337.0,9723,1333019
F,2002,59,1729661,9917,1310062.0,6598.0,254016.0,2824.0,1576135.0,9490.0,10481,1494071
F,2003,59,1681234,9722,1260048.0,6413.0,251833.0,2875.0,1525169.0,9355.0,10301,1437588
F,2004,59,1673074,9155,1245590.0,6023.0,253512.0,2776.0,1514135.0,8867.0,9757,1449103
F,2005,59,1964340,10517,1498745.0,6859.0,278491.0,3278.0,1795108.0,10222.0,9822,1448128
F,2006,59,2182114,11735,1684508.0,7702.0,296351.0,3656.0,2000240.0,11438.0,12186,1919090
F,2007,59,2113023,11152,1618674.0,7261.0,290416.0,3561.0,1927222.0,10887.0,11709,1829151
F,2008,59,2130380,11132,1636384.0,7064.0,286655.0,3778.0,1941662.0,10920.0,11371,1841411
F,2009,59,2145025,10924,1666837.0,7438.0,260604.0,3255.0,1946757.0,10774.0,11474,1906141
F,2010,59,2212780,11450,1721706.0,7398.0,275667.0,3816.0,2021059.0,11317.0,11517,1887398
F,2011,59,2289086,11650,1767692.0,7314.0,294781.0,4118.0,2088357.0,11523.0,11840,1953103
F,2012,59,2318609,11909,1792911.0,7452.0,301736.0,4217.0,2117529.0,11773.0,12333,2016678
F,2013,59,2399233,12516,1843738.0,7809.0,323645.0,4494.0,2190422.0,12388.0,12664,2080306
F,2014,59,2428626,12737,1790383.0,7293.0,411050.0,5242.0,2214975.0,12584.0,13317,2148517
F,2001,60,1516200,9521,1106174.0,6265.0,258152.0,2680.0,1374245.0,9005.0,9811,1241416
F,2002,60,1677062,10483,1250204.0,6936.0,260504.0,3052.0,1522277.0,10053.0,10440,1323400
F,2003,60,1719744,10800,1293652.0,7185.0,259134.0,3103.0,1566645.0,10381.0,11428,1481214
F,2004,60,1671512,10154,1241340.0,6557.0,259119.0,3138.0,1515814.0,9766.0,10618,1423305
F,2005,60,1663919,9832,1227861.0,6270.0,261866.0,3114.0,1505268.0,9467.0,10360,1433435
F,2006,60,1953823,11308,1482547.0,7390.0,284625.0,3546.0,1784886.0,11020.0,10567,1430756
F,2007,60,2170379,12329,1666503.0,7992.0,303175.0,3960.0,1988802.0,12038.0,12785,1893411
F,2008,60,2101871,11889,1603511.0,7555.0,293830.0,4031.0,1916335.0,11665.0,12600,1802265
F,2009,60,2119248,12082,1646124.0,8153.0,265142.0,3652.0,1930742.0,11921.0,12433,1811564
F,2010,60,2134101,11589,1630789.0,7393.0,282372.0,3944.0,1935983.0,11440.0,12037,1875624
F,2011,60,2201330,12021,1694303.0,7585.0,289804.0,4168.0,2009742.0,11869.0,12231,1903293
F,2012,60,2277436,12821,1748775.0,8159.0,304724.0,4411.0,2076834.0,12681.0,12860,1942997
F,2013,60,2306700,12825,1765293.0,7957.0,317735.0,4642.0,2105756.0,12678.0,13300,2006745
F,2014,60,2386717,13655,1750908.0,7682.0,413389.0,5723.0,2178034.0,13470.0,13950,2071358
F,2001,61,1458210,9973,1030746.0,6401.0,267548.0,3026.0,1307691.0,9472.0,10330,1213556
F,2002,61,1506679,10285,1105907.0,6687.0,248807.0,3074.0,1365240.0,9819.0,10537,1238720
F,2003,61,1666579,11474,1232611.0,7436.0,266324.0,3515.0,1512224.0,11039.0,11140,1322858
F,2004,61,1708944,11282,1273547.0,7329.0,266771.0,3429.0,1556264.0,10868.0,12004,1482907
F,2005,61,1661358,10800,1221954.0,6875.0,268276.0,3470.0,1506048.0,10443.0,11446,1428216
F,2006,61,1654087,10337,1212517.0,6477.0,267938.0,3456.0,1495801.0,10031.0,11048,1441590
F,2007,61,1942515,11762,1465637.0,7446.0,290852.0,3944.0,1773866.0,11489.0,10996,1441286
F,2008,61,2158050,13466,1650443.0,8667.0,306760.0,4474.0,1976764.0,13242.0,13933,1911784
F,2009,61,2089982,12699,1614125.0,8526.0,270777.0,3865.0,1904670.0,12510.0,13296,1823104
F,2010,61,2107166,12530,1606927.0,7997.0,288937.0,4272.0,1918821.0,12374.0,12934,1813519
F,2011,61,2122512,12459,1603505.0,7852.0,296224.0,4301.0,1924543.0,12285.0,12871,1861920
F,2012,61,2189309,13210,1675109.0,8274.0,299880.0,4647.0,1997873.0,13059.0,13443,1893029
F,2013,61,2264615,13541,1720477.0,8475.0,320608.0,4786.0,2064153.0,13377.0,13757,1932477
F,2014,61,2293875,13952,1673627.0,7877.0,405831.0,5829.0,2093078.0,13769.0,14487,1997348
F,2001,62,1387081,10475,970641.0,6552.0,267870.0,3364.0,1247211.0,9983.0,11082,1156768
F,2002,62,1448237,10838,1030658.0,6934.0,257609.0,3416.0,1298219.0,10421.0,11096,1207560
F,2003,62,1496394,11104,1089225.0,7104.0,254460.0,3527.0,1355421.0,10722.0,11526,1232608
F,2004,62,1655105,12043,1211881.0,7673.0,273907.0,3880.0,1501185.0,11660.0,11782,1316213
F,2005,62,1697662,12247,1252175.0,7819.0,276814.0,4010.0,1545396.0,11926.0,13032,1475790
F,2006,62,1650558,11718,1204990.0,7300.0,275110.0,3976.0,1495605.0,11391.0,12271,1422085
F,2007,62,1643750,11200,1197875.0,7014.0,273409.0,3851.0,1485770.0,10940.0,11759,1435809
F,2008,62,1930753,13212,1450482.0,8417.0,294518.0,4458.0,1762377.0,12980.0,12049,1435908
F,2009,62,2144584,14180,1661926.0,9545.0,281595.0,4318.0,1963522.0,13983.0,14667,1905712
F,2010,62,2077283,13626,1573150.0,8816.0,296194.0,4521.0,1892160.0,13471.0,14148,1850490
F,2011,62,2094636,13396,1578353.0,8372.0,303325.0,4720.0,1906447.0,13251.0,14066,1815820
F,2012,62,2110053,13449,1584399.0,8455.0,305683.0,4713.0,1912258.0,13279.0,13856,1851190
F,2013,62,2176099,14086,1646932.0,8684.0,315657.0,5098.0,1984814.0,13904.0,14272,1881064
F,2014,62,2251074,14847,1628524.0,8485.0,408419.0,6100.0,2050776.0,14665.0,15106,1922318
F,2001,63,1376895,11575,951080.0,7182.0,278487.0,3923.0,1238357.0,11170.0,11904,1141614
F,2002,63,1376606,11253,968654.0,7056.0,259321.0,3775.0,1237228.0,10892.0,11690,1150553
F,2003,63,1437399,11814,1010916.0,7394.0,265642.0,3961.0,1287798.0,11437.0,11980,1201532
F,2004,63,1485290,11809,1065989.0,7426.0,264793.0,3970.0,1344699.0,11487.0,11937,1226632
F,2005,63,1643062,13276,1186944.0,8337.0,286607.0,4531.0,1489525.0,12989.0,12736,1310319
F,2006,63,1685415,13167,1230129.0,8177.0,287053.0,4602.0,1533470.0,12890.0,13679,1469890
F,2007,63,1638840,12496,1185192.0,7674.0,283961.0,4498.0,1484214.0,12273.0,12827,1417309
F,2008,63,1632550,12248,1180632.0,7495.0,279057.0,4475.0,1474830.0,12057.0,12780,1431620
F,2009,63,1917541,14020,1460263.0,9408.0,270866.0,4312.0,1749397.0,13837.0,12908,1432316
F,2010,63,2130404,15358,1611734.0,9819.0,313804.0,5233.0,1949539.0,15226.0,15631,1811555
F,2011,63,2063657,14874,1538721.0,9195.0,314400.0,5388.0,1878689.0,14729.0,15372,1801788
F,2012,63,2081240,14628,1554136.0,9091.0,316433.0,5249.0,1893196.0,14469.0,15102,1803760
F,2013,63,2096604,14578,1553326.0,9087.0,323551.0,5190.0,1898979.0,14398.0,15109,1837353
F,2014,63,2162013,15538,1551277.0,8793.0,405664.0,6457.0,1970910.0,15343.0,15636,1870552
F,2001,64,1313945,12167,,,,,,,12332,1080816
F,2002,64,1365320,12422,943898.0,7796.0,274564.0,4186.0,1227187.0,12057.0,12605,1131435
F,2003,64,1365353,12427,961598.0,7988.0,255546.0,4075.0,1226336.0,12137.0,12833,1139251
F,2004,64,1425585,12379,1003522.0,7917.0,261681.0,4073.0,1276361.0,12085.0,12561,1188741
F,2005,64,1473481,12845,1058563.0,8200.0,260823.0,4245.0,1333212.0,12563.0,12808,1212791
F,2006,64,1629786,13764,1178607.0,8845.0,282076.0,4550.0,1476536.0,13528.0,13169,1294668
F,2007,64,1672248,13793,1221952.0,8809.0,282451.0,4662.0,1520580.0,13575.0,14257,1451383
F,2008,64,1626344,13435,1177518.0,8437.0,279463.0,4719.0,1471941.0,13268.0,13985,1397948
F,2009,64,1620302,13088,1173137.0,8345.0,274582.0,4457.0,1462773.0,12916.0,13362,1410628
F,2010,64,1903521,14880,1450855.0,10189.0,266554.0,4412.0,1735560.0,14750.0,13571,1389236
F,2011,64,2115046,16530,1601915.0,10908.0,308571.0,5294.0,1934313.0,16357.0,16991,1881617
F,2012,64,2048783,15784,1529526.0,10058.0,309012.0,5408.0,1863960.0,15629.0,16159,1788224
F,2013,64,2066612,15890,1545045.0,10117.0,311184.0,5460.0,1878727.0,15732.0,16379,1789989
F,2014,64,2082026,15980,1544239.0,10096.0,318361.0,5569.0,1884581.0,15816.0,16253,1826662
F,2001,65,1272605,12718,,,,,,,13193,1068644
F,2002,65,1301778,12802,,,,,,,13046,1073097
F,2003,65,1352898,13318,936102.0,8601.0,270378.0,4336.0,1215130.0,13016.0,13333,1124059
F,2004,65,1352926,12827,953610.0,8249.0,251471.0,4211.0,1214199.0,12562.0,13158,1132615
F,2005,65,1413206,13038,995605.0,8524.0,257608.0,4150.0,1264276.0,12767.0,13226,1183371
F,2006,65,1460636,13449,1050363.0,8736.0,256578.0,4378.0,1320649.0,13228.0,13386,1208196
F,2007,65,1616022,14623,1169762.0,9544.0,277526.0,4704.0,1463008.0,14393.0,14160,1290637
F,2008,65,1658455,15134,1213143.0,9884.0,277789.0,4924.0,1507005.0,14949.0,15371,1448356
F,2009,65,1612909,14264,1169081.0,9241.0,274744.0,4756.0,1458673.0,14119.0,14679,1396005
F,2010,65,1607214,13882,1164792.0,8968.0,270125.0,4658.0,1449857.0,13754.0,14216,1407451
F,2011,65,1888641,16088,1440666.0,11272.0,262142.0,4525.0,1720810.0,15933.0,14478,1400553
F,2012,65,2098516,17570,1591007.0,11605.0,303277.0,5593.0,1917956.0,17399.0,17897,1866012
F,2013,65,2032999,17234,1519468.0,11249.0,303604.0,5666.0,1848331.0,17089.0,17798,1775062
F,2014,65,2050722,16931,1534928.0,11026.0,305724.0,5555.0,1862995.0,16734.0,17247,1776761
F,2001,66,1257560,13982,,,,,,,14295,1075042
F,2002,66,1259887,13603,,,,,,,13899,1058192
F,2003,66,1288976,13740,,,,,,,13730,1062639
F,2004,66,1339580,13712,927501.0,8905.0,266042.0,4463.0,1202114.0,13449.0,13962,1112641
F,2005,66,1340099,13751,945361.0,9102.0,247260.0,4306.0,1201637.0,13481.0,13977,1121292
F,2006,66,1400168,13696,987081.0,9100.0,253458.0,4296.0,1251509.0,13492.0,13688,1171707
F,2007,66,1447187,14280,1041627.0,9499.0,252200.0,4428.0,1307421.0,14064.0,14065,1195702
F,2008,66,1601399,15644,1160218.0,10469.0,272822.0,4836.0,1448615.0,15456.0,14978,1277374
F,2009,66,1643321,15737,1203259.0,10407.0,272865.0,5046.0,1492056.0,15592.0,15988,1433620
F,2010,66,1598645,15120,1159840.0,9987.0,269988.0,4898.0,1444554.0,14998.0,15551,1390865
F,2011,66,1593332,14732,1155824.0,9716.0,265467.0,4768.0,1436103.0,14617.0,14986,1391276
F,2012,66,1872553,17042,1429394.0,11980.0,257617.0,4768.0,1704877.0,16905.0,15381,1388112
F,2013,66,2080946,19191,1579402.0,13002.0,297684.0,5790.0,1900557.0,18988.0,19252,1851206
F,2014,66,2015765,18038,1508219.0,11878.0,297938.0,5804.0,1831242.0,17860.0,18776,1758649
F,2001,67,1221093,14774,,,,,,,14971,993065
F,2002,67,1243578,14681,,,,,,,15318,1064068
F,2003,67,1246284,14324,,,,,,,14955,1048005
F,2004,67,1275236,14588,,,,,,,14607,1052462
F,2005,67,1325868,14673,918596.0,9738.0,261579.0,4591.0,1188665.0,14424.0,14804,1102944
F,2006,67,1326348,14277,936259.0,9742.0,242954.0,4227.0,1188156.0,14069.0,14652,1112106
F,2007,67,1386472,14738,977981.0,10021.0,249162.0,4434.0,1238017.0,14550.0,14638,1162703
F,2008,67,1432907,15478,1032128.0,10608.0,247772.0,4525.0,1293357.0,15297.0,15234,1186870
F,2009,67,1585755,16343,1149749.0,11040.0,267986.0,5011.0,1433159.0,16203.0,15799,1268698
F,2010,67,1627584,16829,1192852.0,11448.0,267819.0,5108.0,1476464.0,16731.0,17027,1400459
F,2011,67,1583525,16030,1149853.0,10669.0,265090.0,5094.0,1429556.0,15921.0,16541,1366334
F,2012,67,1578600,15631,1146108.0,10491.0,260699.0,4832.0,1421486.0,15489.0,15983,1377451
F,2013,67,1855511,18200,1417414.0,13116.0,252849.0,4767.0,1687972.0,18053.0,16422,1373271
F,2014,67,2061755,20489,1566400.0,14116.0,291894.0,5961.0,1881569.0,20297.0,20820,1832245
F,2001,68,1161825,15170,,,,,,,16051,1001409
F,2002,68,1206319,15579,,,,,,,15572,981106
F,2003,68,1228897,15603,,,,,,,16040,1051571
F,2004,68,1231960,15185,,,,,,,15387,1035666
F,2005,68,1260648,15378,,,,,,,15415,1040489
F,2006,68,1311195,15487,908858.0,10331.0,256988.0,4848.0,1174241.0,15280.0,15387,1090864
F,2007,68,1312071,15060,926517.0,10334.0,238727.0,4399.0,1174087.0,14840.0,15231,1099908
F,2008,68,1371734,15738,967960.0,10715.0,244728.0,4721.0,1223467.0,15567.0,15696,1150404
F,2009,68,1417429,15964,1021520.0,10916.0,243247.0,4772.0,1278060.0,15836.0,15807,1174695
F,2010,68,1569412,17462,1138709.0,11965.0,262975.0,5217.0,1416956.0,17333.0,16770,1236376
F,2011,68,1610755,17833,1181404.0,12222.0,262711.0,5312.0,1459733.0,17710.0,18091,1406096
F,2012,68,1567495,17260,1139184.0,11747.0,259996.0,5247.0,1413635.0,17143.0,17908,1350715
F,2013,68,1562969,17022,1135617.0,11527.0,255867.0,5194.0,1405997.0,16886.0,17386,1361259
F,2014,68,1837311,19814,1404298.0,14481.0,248082.0,4951.0,1669919.0,19605.0,17638,1361047
F,2001,69,1199837,17064,,,,,,,17612,996458
F,2002,69,1146655,16315,,,,,,,17166,987351
F,2003,69,1190740,16570,,,,,,,16444,967432
F,2004,69,1213294,15891,,,,,,,16415,1037034
F,2005,69,1216775,16121,,,,,,,16402,1021404
F,2006,69,1245270,16086,,,,,,,16049,1026329
F,2007,69,1295708,16270,898527.0,11228.0,252140.0,4749.0,1158961.0,16068.0,16405,1075855
F,2008,69,1297011,16451,916183.0,11474.0,234328.0,4674.0,1159247.0,16275.0,16768,1084904
F,2009,69,1355996,16462,957245.0,11490.0,240007.0,4703.0,1207900.0,16315.0,16300,1134860
F,2010,69,1401465,17177,1010604.0,12000.0,238475.0,4882.0,1262224.0,17064.0,16879,1147565
F,2011,69,1551950,18768,1126744.0,13019.0,257758.0,5435.0,1399623.0,18643.0,18006,1237599
F,2012,69,1592922,19235,1169182.0,13470.0,257399.0,5426.0,1442023.0,19096.0,19406,1388207
F,2013,69,1550235,18453,1127437.0,12782.0,254749.0,5354.0,1396492.0,18306.0,19327,1334729
F,2014,69,1545947,18103,1124090.0,12655.0,250673.0,5146.0,1389111.0,17967.0,18551,1347458
F,2001,70,1167110,18299,,,,,,,19075,994877
F,2002,70,1182773,18356,,,,,,,18817,978995
F,2003,70,1130340,17330,,,,,,,18349,969166
F,2004,70,1174170,17445,,,,,,,17435,948585
F,2005,70,1197403,17339,,,,,,,17757,1016272
F,2006,70,1200654,16809,,,,,,,17405,1000140
F,2007,70,1229184,16954,,,,,,,16819,1003987
F,2008,70,1279438,17597,887299.0,12264.0,247391.0,5067.0,1142893.0,17442.0,17488,1051554
F,2009,70,1280560,16840,904709.0,11942.0,229654.0,4630.0,1142972.0,16680.0,17286,1059376
F,2010,70,1339534,17585,945755.0,12374.0,235304.0,4979.0,1191585.0,17487.0,17567,1097510
F,2011,70,1384288,18352,998604.0,13001.0,233593.0,5088.0,1245160.0,18237.0,18205,1144368
F,2012,70,1533182,19967,1113725.0,14075.0,252323.0,5536.0,1380980.0,19819.0,19152,1219998
F,2013,70,1573687,20955,1155712.0,14814.0,251973.0,5804.0,1422927.0,20804.0,21123,1371215
F,2014,70,1531782,19756,1114655.0,13935.0,249395.0,5511.0,1378186.0,19603.0,20463,1317238
F,2001,71,1222698,20346,,,,,,,21031,1018307
F,2002,71,1148811,19294,,,,,,,20183,979452
F,2003,71,1164417,19228,,,,,,,19539,964958
F,2004,71,1113010,17818,,,,,,,18663,956125
F,2005,71,1156725,18501,,,,,,,18588,937061
F,2006,71,1180064,18243,,,,,,,18621,1005603
F,2007,71,1183845,17753,,,,,,,17972,990705
F,2008,71,1212230,17994,,,,,,,18059,995703
F,2009,71,1261841,18382,875035.0,12838.0,242324.0,5286.0,1125451.0,18245.0,18303,1044260
F,2010,71,1263720,18425,892767.0,13223.0,225024.0,4952.0,1126292.0,18296.0,18436,1049175
F,2011,71,1321949,18758,933381.0,13488.0,230325.0,4993.0,1174098.0,18625.0,18554,1090731
F,2012,71,1365936,19621,985603.0,14021.0,228505.0,5289.0,1226923.0,19466.0,19421,1126530
F,2013,71,1513215,21339,1099650.0,15422.0,246787.0,5583.0,1361161.0,21197.0,20607,1202131
F,2014,71,1552732,22328,1140898.0,16093.0,246169.0,5859.0,1402123.0,22155.0,22721,1350392
F,2001,72,1176731,21215,,,,,,,22278,969044
F,2002,72,1202352,21402,,,,,,,22352,997815
F,2003,72,1129517,20343,,,,,,,21437,959437
F,2004,72,1145189,19872,,,,,,,20717,944588
F,2005,72,1095192,19032,,,,,,,19942,935793
F,2006,72,1138224,19470,,,,,,,19073,917086
F,2007,72,1161821,19069,,,,,,,19752,983890
F,2008,72,1166092,19351,,,,,,,19825,968816
F,2009,72,1194236,19074,,,,,,,18790,973444
F,2010,72,1243459,19569,862197.0,14010.0,237038.0,5294.0,1107206.0,19443.0,19481,1010549
F,2011,72,1245295,19298,879544.0,14090.0,220072.0,4943.0,1107996.0,19157.0,19650,1031783
F,2012,72,1303191,20153,919893.0,14712.0,225332.0,5135.0,1155473.0,20015.0,19729,1072341
F,2013,72,1346315,21158,971582.0,15389.0,223216.0,5405.0,1207457.0,20996.0,20718,1107284
F,2014,72,1491876,23140,1084228.0,16975.0,241204.0,5763.0,1339964.0,22971.0,22015,1183338
F,2001,73,1195955,23383,,,,,,,24644,972997
F,2002,73,1155516,22927,,,,,,,23633,948338
F,2003,73,1180950,22867,,,,,,,23401,977035
F,2004,73,1109174,21344,,,,,,,22002,939444
F,2005,73,1125317,21549,,,,,,,21848,925511
F,2006,73,1076160,19894,,,,,,,21009,917734
F,2007,73,1118754,20402,,,,,,,20062,899567
F,2008,73,1142752,20612,,,,,,,21066,965653
F,2009,73,1146741,19729,,,,,,,20246,951400
F,2010,73,1175162,20141,,,,,,,20061,949097
F,2011,73,1223890,20815,848187.0,15110.0,231744.0,5432.0,1087763.0,20693.0,20698,1001371
F,2012,73,1225997,20404,865454.0,14991.0,215129.0,5124.0,1088839.0,20266.0,20487,1012526
F,2013,73,1283038,21441,905181.0,15776.0,220197.0,5336.0,1135458.0,21290.0,21322,1051844
F,2014,73,1325157,22340,956193.0,16526.0,217811.0,5409.0,1186461.0,22156.0,22035,1089183
F,2001,74,1200778,25619,,,,,,,26229,953283
F,2002,74,1172572,24785,,,,,,,25983,948244
F,2003,74,1132589,23784,,,,,,,24848,923900
F,2004,74,1158083,23811,,,,,,,24429,951203
F,2005,74,1087830,22645,,,,,,,23589,914432
F,2006,74,1103768,22420,,,,,,,22658,900873
F,2007,74,1056266,20846,,,,,,,21790,892848
F,2008,74,1098352,22026,,,,,,,21694,874610
F,2009,74,1122140,21494,,,,,,,22040,938799
F,2010,74,1127012,21207,,,,,,,21459,927863
F,2011,74,1155021,21593,,,,,,,21567,935314
F,2012,74,1203075,21953,833077.0,16026.0,226312.0,5644.0,1067070.0,21822.0,22047,980638
F,2013,74,1205593,22154,850463.0,16458.0,210005.0,5345.0,1068573.0,21963.0,22576,991123
F,2014,74,1261597,23003,889405.0,17189.0,214861.0,5452.0,1114168.0,22841.0,22627,1032934
F,2001,75,1176738,26620,,,,,,,28150,925789
F,2002,75,1175159,27029,,,,,,,28177,924736
F,2003,75,1147787,26256,,,,,,,27197,919089
F,2004,75,1108805,24935,,,,,,,25633,894247
F,2005,75,1134272,24880,,,,,,,25377,920144
F,2006,75,1065185,23392,,,,,,,24334,884121
F,2007,75,1081348,23587,,,,,,,23853,870058
F,2008,75,1035420,22316,,,,,,,23372,861340
F,2009,75,1076326,22755,,,,,,,22418,842856
F,2010,75,1100646,22516,,,,,,,23124,899069
F,2011,75,1105805,22645,,,,,,,22953,905440
F,2012,75,1133428,22897,,,,,,,22852,913735
F,2013,75,1181122,23862,817051.0,17741.0,220668.0,5797.0,1045248.0,23701.0,23565,957852
F,2014,75,1183439,23701,834005.0,17948.0,204660.0,5450.0,1046610.0,23561.0,24000,971263
F,2001,76,1178268,29080,,,,,,,31023,925212
F,2002,76,1150118,28535,,,,,,,29721,899159
F,2003,76,1148130,28310,,,,,,,29302,899842
F,2004,76,1121531,26867,,,,,,,28040,895466
F,2005,76,1083870,25951,,,,,,,27241,872922
F,2006,76,1109392,26048,,,,,,,26738,900407
F,2007,76,1041793,24758,,,,,,,25738,866442
F,2008,76,1057761,25193,,,,,,,25482,854043
F,2009,76,1013104,23357,,,,,,,24132,847071
F,2010,76,1053571,24204,,,,,,,23647,823266
F,2011,76,1078130,24269,,,,,,,24646,882622
F,2012,76,1083160,24024,,,,,,,24558,882203
F,2013,76,1110531,24550,,,,,,,24641,890198
F,2014,76,1157260,25411,799310.0,19064.0,214871.0,5996.0,1021547.0,25241.0,25278,936270
M,2001,40,2773552,5641,2156336.0,3905.0,368700.0,1435.0,2536547.0,5352.0,5970,2284503
M,2002,40,2772425,5654,2144750.0,3870.0,370948.0,1498.0,2528122.0,5388.0,6074,2260679
M,2003,40,2757108,5426,2122897.0,3615.0,372743.0,1583.0,2509208.0,5224.0,5736,2243727
M,2004,40,2730438,5148,2086310.0,3445.0,378270.0,1534.0,2479725.0,5002.0,5492,2252988
M,2005,40,2610942,4995,1969315.0,3268.0,372104.0,1598.0,2356074.0,4890.0,5437,2226254
M,2006,40,2532246,4694,1905115.0,3097.0,356147.0,1472.0,2275905.0,4603.0,5122,2081774
M,2007,40,2503478,4365,1873413.0,2810.0,349293.0,1463.0,2237109.0,4298.0,4707,2021075
M,2008,40,2531527,4251,1883260.0,2836.0,347331.0,1364.0,2246346.0,4217.0,4421,2021855
M,2009,40,2583897,4432,1937583.0,3049.0,331586.0,1321.0,2286652.0,4393.0,4589,2063870
M,2010,40,2671453,4423,1987075.0,3070.0,348136.0,1311.0,2355038.0,4404.0,4395,2191249
M,2011,40,2591633,4371,1885674.0,2875.0,359062.0,1434.0,2262487.0,4340.0,4632,2148028
M,2012,40,2466851,3995,1764138.0,2661.0,343725.0,1287.0,2121123.0,3966.0,4355,2029390
M,2013,40,2396210,3777,1694841.0,2468.0,341870.0,1270.0,2048974.0,3749.0,4146,1936508
M,2014,40,2416419,3919,1656804.0,2430.0,396032.0,1448.0,2059522.0,3891.0,4093,1916261
M,2001,41,2787194,6158,2152060.0,4139.0,378226.0,1661.0,2541832.0,5826.0,6473,2342019
M,2002,41,2767911,6281,2156535.0,4259.0,361715.0,1722.0,2531195.0,6010.0,6471,2284301
M,2003,41,2766771,6067,2133595.0,4034.0,374818.0,1751.0,2522734.0,5814.0,6393,2260614
M,2004,41,2751682,5801,2106864.0,3839.0,380904.0,1765.0,2503984.0,5633.0,6079,2248606
M,2005,41,2725290,5690,2072601.0,3698.0,385769.0,1826.0,2474723.0,5557.0,5954,2258597
M,2006,41,2605947,5289,1965768.0,3436.0,369807.0,1730.0,2351184.0,5188.0,5701,2235552
M,2007,41,2527552,4884,1901674.0,3174.0,354576.0,1576.0,2271302.0,4773.0,5326,2090954
M,2008,41,2499113,4671,1870884.0,3099.0,345688.0,1491.0,2232811.0,4603.0,5027,2031178
M,2009,41,2527276,4680,1894582.0,3149.0,330270.0,1461.0,2242129.0,4640.0,4973,2032646
M,2010,41,2579465,4517,1921694.0,3062.0,340284.0,1399.0,2282259.0,4489.0,4683,2047818
M,2011,41,2667030,4737,1963541.0,3105.0,367558.0,1576.0,2350634.0,4712.0,4856,2187138
M,2012,41,2587262,4566,1887282.0,2991.0,356173.0,1513.0,2258147.0,4525.0,4888,2147646
M,2013,41,2462856,4280,1753915.0,2745.0,350222.0,1471.0,2117157.0,4238.0,4564,2028536
M,2014,41,2392433,4218,1640924.0,2558.0,397559.0,1613.0,2045225.0,4183.0,4623,1939916
M,2001,42,2747289,6470,2126133.0,4323.0,368875.0,1755.0,2506961.0,6107.0,6689,2237740
M,2002,42,2781036,6640,2152042.0,4400.0,370713.0,1890.0,2536006.0,6319.0,6982,2339185
M,2003,42,2761630,6589,2144012.0,4373.0,366395.0,1912.0,2525185.0,6313.0,6943,2279589
M,2004,42,2760704,6310,2116846.0,4152.0,383358.0,1920.0,2516920.0,6094.0,6704,2258953
M,2005,42,2745881,6197,2092631.0,3981.0,388774.0,2023.0,2498351.0,6033.0,6734,2245748
M,2006,42,2719600,5968,2068678.0,3743.0,383727.0,2062.0,2469166.0,5842.0,6528,2257544
M,2007,42,2600658,5583,1960991.0,3692.0,368827.0,1758.0,2345996.0,5477.0,6006,2233912
M,2008,42,2522668,5226,1897380.0,3397.0,352301.0,1729.0,2266529.0,5159.0,5588,2089575
M,2009,42,2494442,5152,1881114.0,3451.0,329357.0,1639.0,2228208.0,5112.0,5426,2029246
M,2010,42,2522596,4787,1878093.0,3175.0,339561.0,1549.0,2237489.0,4758.0,5080,2028653
M,2011,42,2574948,4950,1897606.0,3207.0,360283.0,1679.0,2277770.0,4911.0,5114,2071160
M,2012,42,2662293,5039,1963538.0,3240.0,366049.0,1727.0,2345922.0,5004.0,5142,2185851
M,2013,42,2582696,4809,1874548.0,3024.0,364498.0,1712.0,2253622.0,4759.0,5329,2145858
M,2014,42,2458576,4575,1695322.0,2793.0,410419.0,1729.0,2112919.0,4540.0,4938,2031325
M,2001,43,2706580,7065,2090665.0,4734.0,364754.0,1901.0,2467549.0,6667.0,7441,2242083
M,2002,43,2740819,7144,2124916.0,4805.0,362289.0,1957.0,2500854.0,6791.0,7382,2235579
M,2003,43,2774396,7235,2139475.0,4815.0,374776.0,2107.0,2529687.0,6963.0,7585,2335874
M,2004,43,2755041,6900,2125318.0,4477.0,376310.0,2178.0,2518872.0,6696.0,7212,2279113
M,2005,43,2754394,6986,2102182.0,4486.0,391178.0,2288.0,2510826.0,6803.0,7189,2258382
M,2006,43,2739684,6604,2088034.0,4174.0,386724.0,2230.0,2492318.0,6440.0,7107,2246886
M,2007,43,2713632,6359,2062352.0,4065.0,383525.0,2149.0,2463324.0,6245.0,6773,2258746
M,2008,43,2595075,5853,1955511.0,3730.0,367209.0,1994.0,2340519.0,5755.0,6339,2236079
M,2009,43,2517442,5601,1906796.0,3758.0,335815.0,1734.0,2261370.0,5519.0,5900,2091675
M,2010,43,2489290,5228,1863124.0,3452.0,339519.0,1694.0,2223096.0,5181.0,5391,2035990
M,2011,43,2517809,5157,1854750.0,3349.0,357959.0,1744.0,2232731.0,5119.0,5460,2028670
M,2012,43,2569998,5270,1896947.0,3412.0,359477.0,1790.0,2272859.0,5227.0,5398,2069535
M,2013,43,2657254,5485,1948788.0,3506.0,376161.0,1894.0,2340918.0,5429.0,5597,2182953
M,2014,43,2577887,5259,1810391.0,3188.0,430537.0,2008.0,2248863.0,5211.0,5576,2147656
M,2001,44,2720235,7565,2100539.0,5097.0,363963.0,2022.0,2477159.0,7147.0,7864,2208570
M,2002,44,2699515,7524,2088807.0,5077.0,358262.0,2073.0,2460882.0,7179.0,8058,2233678
M,2003,44,2733675,7812,2111236.0,5186.0,367237.0,2224.0,2494063.0,7454.0,8037,2223641
M,2004,44,2767161,7429,2120688.0,4846.0,384340.0,2300.0,2522724.0,7181.0,7705,2323552
M,2005,44,2748141,7500,2108969.0,4788.0,384948.0,2448.0,2512176.0,7283.0,7984,2264181
M,2006,44,2747408,7451,2095597.0,4672.0,390293.0,2571.0,2504023.0,7284.0,7561,2242649
M,2007,44,2733080,7141,2081097.0,4593.0,386698.0,2398.0,2485878.0,7018.0,7538,2228489
M,2008,44,2707273,6801,2055829.0,4319.0,382008.0,2345.0,2457079.0,6704.0,7207,2238412
M,2009,44,2589222,6269,1964801.0,4126.0,350356.0,2020.0,2334764.0,6192.0,6886,2213137
M,2010,44,2511841,5797,1888280.0,3714.0,346215.0,1981.0,2255851.0,5751.0,6271,2090267
M,2011,44,2484062,5650,1838297.0,3543.0,359069.0,2016.0,2217915.0,5598.0,5800,2027163
M,2012,44,2512652,5515,1852977.0,3544.0,357821.0,1909.0,2227612.0,5475.0,5778,2026572
M,2013,44,2564728,5628,1882082.0,3626.0,369475.0,1930.0,2267632.0,5576.0,5892,2066137
M,2014,44,2651769,5620,1879709.0,3410.0,447287.0,2140.0,2335489.0,5565.0,5963,2184235
M,2001,45,2656232,7976,2044455.0,5309.0,357185.0,2140.0,2414283.0,7475.0,8291,2121944
M,2002,45,2712670,8371,2099101.0,5593.0,356781.0,2347.0,2470012.0,7973.0,8442,2200968
M,2003,45,2691991,8149,2075241.0,5354.0,362744.0,2440.0,2453703.0,7827.0,8488,2224414
M,2004,45,2725863,7988,2091606.0,5159.0,376732.0,2511.0,2486609.0,7711.0,8465,2215272
M,2005,45,2759732,8330,2104507.0,5248.0,392403.0,2797.0,2515543.0,8103.0,8619,2314057
M,2006,45,2740641,7688,2101452.0,4838.0,384645.0,2595.0,2504893.0,7487.0,8314,2255226
M,2007,45,2739957,7794,2087207.0,4925.0,390886.0,2660.0,2496739.0,7641.0,8145,2233025
M,2008,45,2725939,7441,2073355.0,4804.0,385621.0,2464.0,2478860.0,7304.0,7782,2218446
M,2009,45,2700472,7305,2064626.0,4761.0,364533.0,2405.0,2450375.0,7219.0,7636,2227071
M,2010,45,2582953,6680,1944216.0,4260.0,361613.0,2317.0,2328572.0,6627.0,7166,2237450
M,2011,45,2506044,6106,1862953.0,3840.0,365475.0,2182.0,2250100.0,6064.0,6735,2069751
M,2012,45,2478412,6025,1836733.0,3838.0,358509.0,2102.0,2212317.0,5979.0,6260,2024091
M,2013,45,2507137,6009,1837138.0,3762.0,368572.0,2178.0,2222137.0,5967.0,6220,2021957
M,2014,45,2559100,6149,1813058.0,3671.0,440448.0,2405.0,2262056.0,6092.0,6376,2067223
M,2001,46,2584946,8536,1980002.0,5648.0,348747.0,2313.0,2341870.0,8001.0,8840,2143311
M,2002,46,2648256,8720,2042452.0,5788.0,350138.0,2452.0,2406808.0,8275.0,9130,2120188
M,2003,46,2704299,8886,2083687.0,5710.0,362184.0,2708.0,2462039.0,8481.0,9386,2200290
M,2004,46,2683842,8695,2056054.0,5536.0,371474.0,2773.0,2445876.0,8354.0,9078,2227648
M,2005,46,2717875,8813,2074845.0,5476.0,385110.0,3013.0,2478898.0,8535.0,9091,2220792
M,2006,46,2751402,8550,2095595.0,5356.0,392429.0,2924.0,2507440.0,8323.0,8989,2322962
M,2007,46,2732953,8467,2092087.0,5318.0,386038.0,2930.0,2497406.0,8297.0,8975,2266159
M,2008,46,2732163,8234,2078027.0,5299.0,390293.0,2768.0,2489098.0,8105.0,8644,2245998
M,2009,46,2718498,7903,2081215.0,5087.0,368625.0,2658.0,2471556.0,7791.0,8431,2232877
M,2010,46,2693167,7687,2041520.0,4875.0,377237.0,2688.0,2443156.0,7615.0,8147,2230982
M,2011,46,2576273,7214,1917704.0,4491.0,381354.0,2624.0,2321945.0,7152.0,7611,2195885
M,2012,46,2499938,6651,1860109.0,4180.0,365838.0,2377.0,2244036.0,6600.0,7167,2065705
M,2013,46,2472387,6555,1819711.0,4126.0,370140.0,2330.0,2206338.0,6497.0,7100,2018553
M,2014,46,2501128,6471,1768229.0,3836.0,439281.0,2556.0,2216170.0,6406.0,6863,2022698
M,2001,47,2540367,9123,1947496.0,6049.0,340870.0,2480.0,2301797.0,8565.0,9429,2042517
M,2002,47,2576410,9330,1977197.0,6177.0,342203.0,2627.0,2333869.0,8844.0,9548,2140507
M,2003,47,2639536,9625,2027202.0,6263.0,355083.0,2893.0,2398533.0,9206.0,9839,2117276
M,2004,47,2695413,9639,2063697.0,6182.0,370857.0,3023.0,2453558.0,9257.0,9905,2199700
M,2005,47,2675147,9194,2038575.0,5787.0,379665.0,3074.0,2437522.0,8923.0,9752,2228342
M,2006,47,2709062,9344,2066090.0,5904.0,384780.0,3158.0,2470363.0,9115.0,9752,2223663
M,2007,47,2742852,9117,2085797.0,5694.0,393407.0,3180.0,2499117.0,8926.0,9494,2326976
M,2008,47,2724486,9075,2081053.0,5710.0,386824.0,3148.0,2489109.0,8917.0,9564,2271170
M,2009,47,2723929,8863,2085727.0,5769.0,372814.0,2914.0,2480993.0,8752.0,9287,2251625
M,2010,47,2710595,8721,2056700.0,5485.0,381714.0,3087.0,2463765.0,8641.0,8979,2238248
M,2011,47,2685480,8342,2012414.0,5124.0,398176.0,3083.0,2435541.0,8267.0,8896,2231566
M,2012,47,2569059,7596,1913569.0,4747.0,381918.0,2737.0,2314793.0,7529.0,8320,2190557
M,2013,47,2493287,7473,1841590.0,4584.0,378196.0,2776.0,2237436.0,7417.0,7960,2059088
M,2014,47,2465832,7178,1748479.0,4099.0,442375.0,2983.0,2199841.0,7102.0,7625,2019306
M,2001,48,2440732,9626,1870120.0,6389.0,325729.0,2599.0,2208985.0,9034.0,9814,1972847
M,2002,48,2531244,9771,1943790.0,6552.0,334406.0,2678.0,2293232.0,9281.0,10142,2035358
M,2003,48,2567080,10150,1961270.0,6676.0,347083.0,2960.0,2325025.0,9697.0,10496,2131053
M,2004,48,2629911,9949,2007020.0,6447.0,363461.0,3126.0,2389327.0,9627.0,10254,2107717
M,2005,48,2685774,10224,2045380.0,6395.0,378986.0,3442.0,2444301.0,9903.0,10491,2188567
M,2006,48,2665953,9993,2028865.0,6127.0,379971.0,3501.0,2428599.0,9688.0,10668,2216534
M,2007,48,2699718,9843,2054921.0,6090.0,386477.0,3470.0,2461248.0,9622.0,10187,2210559
M,2008,48,2733735,9820,2074754.0,6177.0,393369.0,3413.0,2490191.0,9648.0,10237,2312020
M,2009,48,2715411,9697,2087725.0,6271.0,369333.0,3225.0,2480192.0,9557.0,10055,2254796
M,2010,48,2715066,9334,2059193.0,5898.0,387019.0,3276.0,2472241.0,9245.0,9727,2237734
M,2011,48,2701874,9148,2026427.0,5577.0,402971.0,3413.0,2455124.0,9061.0,9657,2229381
M,2012,48,2677138,8867,2006567.0,5490.0,399423.0,3240.0,2427274.0,8784.0,9404,2224991
M,2013,48,2561463,8296,1893373.0,4998.0,395276.0,3172.0,2307264.0,8220.0,9052,2182629
M,2014,48,2485814,7870,1768840.0,4505.0,451696.0,3276.0,2230019.0,7805.0,8591,2058243
M,2001,49,2403561,10069,1834742.0,6728.0,322563.0,2684.0,2170952.0,9466.0,10193,1912415
M,2002,49,2431106,10339,1865693.0,6825.0,319660.0,2892.0,2199951.0,9765.0,10439,1969476
M,2003,49,2521473,10800,1928186.0,7010.0,338829.0,3235.0,2283951.0,10312.0,10930,2032378
M,2004,49,2556930,10487,1941393.0,6707.0,354676.0,3291.0,2315328.0,10070.0,10812,2130419
M,2005,49,2619962,10915,1988331.0,6754.0,371512.0,3701.0,2379700.0,10520.0,11326,2108325
M,2006,49,2675550,11226,2034556.0,6975.0,379635.0,3888.0,2434398.0,10927.0,11295,2191446
M,2007,49,2655960,10544,2017112.0,6506.0,381478.0,3705.0,2418911.0,10270.0,11103,2220829
M,2008,49,2689875,10696,2043362.0,6652.0,386805.0,3794.0,2451626.0,10513.0,11112,2216356
M,2009,49,2723915,10517,2081618.0,6727.0,375359.0,3569.0,2480543.0,10364.0,10964,2319302
M,2010,49,2705714,10473,2059153.0,6498.0,384517.0,3791.0,2470635.0,10366.0,10927,2264671
M,2011,49,2705732,10173,2028986.0,6157.0,407257.0,3849.0,2462996.0,10084.0,10615,2226118
M,2012,49,2692726,9915,2019453.0,5974.0,404564.0,3759.0,2446063.0,9801.0,10236,2221281
M,2013,49,2668271,9671,1984518.0,5891.0,413350.0,3626.0,2418490.0,9568.0,10199,2215891
M,2014,49,2553167,9093,1815803.0,5176.0,472969.0,3782.0,2299044.0,8981.0,9826,2179993
M,2001,50,2308155,10412,1763600.0,6896.0,306164.0,2853.0,2082964.0,9798.0,10480,1858963
M,2002,50,2393492,10775,1830973.0,7201.0,315263.0,3006.0,2161486.0,10262.0,11001,1902885
M,2003,50,2420767,10999,1849631.0,7113.0,324036.0,3350.0,2190186.0,10539.0,11372,1957066
M,2004,50,2510673,11213,1908344.0,7115.0,345632.0,3565.0,2273639.0,10758.0,11468,2018146
M,2005,50,2546443,11529,1923083.0,7142.0,362339.0,3914.0,2305258.0,11124.0,11933,2113557
M,2006,50,2609047,11486,1976499.0,7140.0,372487.0,3916.0,2369180.0,11132.0,11991,2089893
M,2007,50,2664324,11606,2021555.0,7142.0,381140.0,4117.0,2423471.0,11321.0,11935,2170086
M,2008,50,2645416,11353,2004536.0,7014.0,382237.0,4067.0,2408641.0,11159.0,12002,2197224
M,2009,50,2679179,11241,2048952.0,7151.0,368685.0,3827.0,2441113.0,11085.0,11836,2190333
M,2010,50,2713398,11279,2051467.0,6969.0,391225.0,4107.0,2470179.0,11159.0,11736,2300354
M,2011,50,2695241,11266,2027878.0,6815.0,404729.0,4237.0,2460269.0,11135.0,11747,2251877
M,2012,50,2695559,10762,2020459.0,6478.0,409496.0,4100.0,2452912.0,10661.0,11516,2216795
M,2013,50,2682811,10731,1995625.0,6474.0,419256.0,4079.0,2436262.0,10625.0,11307,2211106
M,2014,50,2658600,10564,1900786.0,6037.0,496752.0,4364.0,2408922.0,10444.0,11064,2211607
M,2001,51,2235251,10783,1678841.0,7141.0,308068.0,2920.0,2000264.0,10120.0,11034,1862989
M,2002,51,2297743,11462,1758221.0,7539.0,300163.0,3243.0,2073166.0,10856.0,11388,1857726
M,2003,51,2382717,11748,1814316.0,7706.0,319687.0,3502.0,2151224.0,11278.0,11826,1903885
M,2004,51,2409768,11811,1829234.0,7626.0,331172.0,3667.0,2179647.0,11370.0,12031,1961738
M,2005,51,2499460,12320,1888466.0,7696.0,353627.0,4075.0,2262881.0,11873.0,12349,2026203
M,2006,51,2534914,12348,1909919.0,7576.0,363570.0,4338.0,2294134.0,12022.0,12611,2125890
M,2007,51,2597561,12270,1964026.0,7516.0,373568.0,4388.0,2358048.0,11990.0,12752,2105021
M,2008,51,2652718,12597,2007746.0,7810.0,382085.0,4454.0,2412150.0,12344.0,12824,2189639
M,2009,51,2634063,12395,2009657.0,7944.0,364239.0,4203.0,2397482.0,12226.0,12958,2220328
M,2010,51,2667938,12100,2017979.0,7527.0,384574.0,4330.0,2430028.0,11970.0,12372,2190766
M,2011,51,2702119,12217,2018571.0,7307.0,411816.0,4673.0,2459020.0,12094.0,12603,2278457
M,2012,51,2683975,12150,2018591.0,7360.0,406697.0,4571.0,2449134.0,12020.0,12718,2241462
M,2013,51,2684797,11912,1995534.0,7150.0,424284.0,4520.0,2442251.0,11763.0,12453,2205825
M,2014,51,2672080,11524,1910307.0,6546.0,503535.0,4800.0,2425637.0,11397.0,12268,2205405
M,2001,52,2199438,11159,1656448.0,7325.0,301167.0,3070.0,1971173.0,10454.0,11402,1786849
M,2002,52,2224468,11569,1673561.0,7613.0,301764.0,3272.0,1990144.0,10954.0,11933,1854284
M,2003,52,2286281,12126,1741353.0,8032.0,304207.0,3521.0,2062310.0,11639.0,12166,1846875
M,2004,52,2370969,12543,1793405.0,8048.0,326568.0,3927.0,2139946.0,12069.0,12644,1891504
M,2005,52,2397957,12764,1810297.0,8056.0,337973.0,4183.0,2168277.0,12339.0,13341,1947260
M,2006,52,2487140,12942,1875630.0,7938.0,354778.0,4507.0,2251008.0,12539.0,13362,2010094
M,2007,52,2522566,13131,1896544.0,8113.0,364925.0,4580.0,2282112.0,12795.0,13327,2107225
M,2008,52,2585291,13241,1949395.0,8180.0,374460.0,4709.0,2346058.0,12970.0,13410,2084700
M,2009,52,2640121,13664,2012397.0,8614.0,363304.0,4761.0,2399806.0,13476.0,13919,2166314
M,2010,52,2621668,12994,1977983.0,7944.0,379931.0,4777.0,2385256.0,12816.0,13516,2207246
M,2011,52,2655838,13168,1984709.0,7791.0,404548.0,5134.0,2418058.0,13027.0,13678,2196781
M,2012,52,2689902,13267,2007908.0,7937.0,414548.0,5071.0,2446926.0,13099.0,13670,2267371
M,2013,52,2671825,12910,1990870.0,7652.0,422854.0,5043.0,2437114.0,12781.0,13472,2229385
M,2014,52,2672885,12583,1906349.0,7034.0,511693.0,5367.0,2430488.0,12447.0,13248,2198124
M,2001,53,2172093,11792,1632987.0,7861.0,299914.0,3186.0,1946759.0,11120.0,12073,1775276
M,2002,53,2188279,12270,1649847.0,8177.0,296018.0,3407.0,1960719.0,11671.0,12493,1782978
M,2003,53,2212899,12464,1656819.0,8119.0,305722.0,3716.0,1979190.0,11908.0,12578,1851585
M,2004,53,2274155,13117,1720780.0,8400.0,310561.0,4145.0,2050671.0,12645.0,13101,1845760
M,2005,53,2358426,13566,1772857.0,8545.0,334357.0,4444.0,2127877.0,13101.0,13598,1891790
M,2006,53,2385193,13595,1796273.0,8402.0,339289.0,4679.0,2155938.0,13194.0,13901,1949539
M,2007,53,2474198,13751,1860626.0,8351.0,356933.0,4949.0,2238469.0,13394.0,14169,2014300
M,2008,53,2509435,13971,1881161.0,8531.0,366018.0,5075.0,2269317.0,13702.0,14275,2113819
M,2009,53,2572050,14180,1952907.0,8970.0,356341.0,4859.0,2333088.0,13939.0,14524,2092799
M,2010,53,2626457,14145,1977697.0,8697.0,380730.0,5173.0,2386330.0,13982.0,14468,2141354
M,2011,53,2608674,13965,1944308.0,8350.0,399226.0,5367.0,2372440.0,13834.0,14602,2183182
M,2012,53,2642670,14187,1971540.0,8556.0,408479.0,5349.0,2405031.0,14010.0,14419,2184843
M,2013,53,2676635,14221,1978388.0,8449.0,431157.0,5506.0,2433827.0,14047.0,14622,2253981
M,2014,53,2658915,14001,1900430.0,7541.0,511097.0,6231.0,2424333.0,13835.0,14762,2219617
M,2001,54,2234189,12945,1694192.0,8631.0,300819.0,3562.0,2010110.0,12269.0,13292,1862076
M,2002,54,2160301,12830,1626670.0,8618.0,293837.0,3509.0,1935639.0,12209.0,13206,1770221
M,2003,54,2176009,13120,1632188.0,8542.0,300010.0,3895.0,1949048.0,12526.0,13601,1778213
M,2004,54,2200435,13135,1636305.0,8432.0,311885.0,4084.0,1967282.0,12605.0,13405,1847897
M,2005,54,2261038,13804,1700408.0,8570.0,317470.0,4650.0,2038026.0,13327.0,13972,1842482
M,2006,54,2344860,14298,1758479.0,8977.0,335467.0,4751.0,2114776.0,13842.0,14289,1889337
M,2007,54,2371598,14457,1780383.0,8921.0,341827.0,5023.0,2142744.0,14066.0,14369,1947797
M,2008,54,2460447,14833,1844664.0,9057.0,358227.0,5330.0,2225075.0,14507.0,15188,2013539
M,2009,54,2495464,14942,1884389.0,9460.0,347792.0,5153.0,2255615.0,14725.0,15210,2113789
M,2010,54,2557870,14810,1917783.0,9024.0,373555.0,5480.0,2319149.0,14644.0,14980,2093554
M,2011,54,2612312,15280,1943770.0,9097.0,399292.0,5855.0,2372348.0,15092.0,15565,2156249
M,2012,54,2594709,14919,1929612.0,8960.0,403957.0,5658.0,2358606.0,14738.0,15504,2169774
M,2013,54,2628483,15153,1941681.0,8942.0,425153.0,5909.0,2391021.0,14967.0,15612,2170669
M,2014,54,2662414,15054,1884832.0,8144.0,521537.0,6675.0,2419780.0,14902.0,15754,2242828
M,2001,55,1999284,12568,1502353.0,8503.0,277050.0,3341.0,1793443.0,11936.0,11552,1386854
M,2002,55,2221244,14258,1687288.0,9577.0,294200.0,3871.0,1997841.0,13563.0,14490,1847760
M,2003,55,2147471,14004,1608917.0,9154.0,297436.0,4134.0,1923430.0,13395.0,14307,1753341
M,2004,55,2162889,13871,1611434.0,9035.0,305660.0,4198.0,1936522.0,13342.0,14012,1758586
M,2005,55,2187300,14376,1616684.0,9025.0,318108.0,4790.0,1954677.0,13914.0,14622,1824610
M,2006,55,2247234,14655,1684890.0,9259.0,319383.0,4817.0,2024699.0,14205.0,14662,1816409
M,2007,55,2330562,14914,1742556.0,9149.0,337643.0,5259.0,2100934.0,14533.0,15224,1859281
M,2008,55,2357141,15631,1764859.0,9514.0,342179.0,5655.0,2128678.0,15294.0,15744,1913592
M,2009,55,2445614,15684,1848188.0,9972.0,338671.0,5288.0,2210568.0,15416.0,15829,1974783
M,2010,55,2480522,15651,1849372.0,9620.0,364063.0,5700.0,2240890.0,15478.0,15999,2073473
M,2011,55,2543060,16148,1884603.0,9554.0,390470.0,6263.0,2304505.0,15961.0,16365,2076344
M,2012,55,2597032,16284,1927528.0,9865.0,404375.0,6064.0,2357256.0,16071.0,16982,2141280
M,2013,55,2579790,16115,1899410.0,9487.0,420012.0,6291.0,2343868.0,15914.0,16879,2154967
M,2014,55,2613330,16469,1848089.0,9065.0,514225.0,7113.0,2376054.0,16257.0,17023,2158258
M,2001,56,1690079,11721,1237683.0,7796.0,249539.0,3262.0,1499662.0,11140.0,12151,1383009
M,2002,56,1986716,13660,1495979.0,9180.0,270468.0,3700.0,1781507.0,12985.0,12511,1382872
M,2003,56,2206986,15425,1667988.0,10323.0,297758.0,4380.0,1984278.0,14830.0,15540,1844529
M,2004,56,2133467,14483,1587947.0,9425.0,302565.0,4425.0,1910035.0,13965.0,14806,1753133
M,2005,56,2149018,14895,1590394.0,9408.0,312630.0,4915.0,1923180.0,14433.0,14965,1761297
M,2006,56,2172924,14796,1601496.0,9231.0,319362.0,4993.0,1940763.0,14373.0,15155,1830564
M,2007,56,2232579,15522,1668991.0,9509.0,321490.0,5484.0,2010494.0,15124.0,15509,1824531
M,2008,56,2315648,16077,1726394.0,9935.0,338073.0,5673.0,2086401.0,15745.0,16153,1870156
M,2009,56,2341510,16351,1767464.0,10402.0,322955.0,5538.0,2113384.0,16088.0,16479,1927719
M,2010,56,2429930,16497,1812604.0,10200.0,354998.0,5937.0,2195152.0,16285.0,16702,1956141
M,2011,56,2464871,17036,1815505.0,10131.0,380811.0,6504.0,2225412.0,16831.0,17542,2058561
M,2012,56,2526912,17443,1867508.0,10459.0,395598.0,6619.0,2288544.0,17220.0,17497,2060591
M,2013,56,2580748,17587,1896132.0,10330.0,420121.0,6907.0,2341185.0,17367.0,18074,2125826
M,2014,56,2563675,17438,1804996.0,9463.0,509211.0,7678.0,2327954.0,17232.0,18230,2140722
M,2001,57,1677470,12584,1230587.0,8456.0,247120.0,3380.0,1490397.0,11926.0,13207,1357485
M,2002,57,1678358,12536,1231818.0,8405.0,243282.0,3464.0,1488522.0,11971.0,12923,1374045
M,2003,57,1973056,14501,1478770.0,9812.0,272769.0,4002.0,1768522.0,13937.0,13169,1372827
M,2004,57,2191561,16098,1646248.0,10549.0,302210.0,4827.0,1969448.0,15534.0,16282,1830349
M,2005,57,2118984,15675,1567770.0,9996.0,308226.0,5020.0,1896070.0,15133.0,16057,1739222
M,2006,57,2134123,15743,1575245.0,9912.0,313457.0,5218.0,1908747.0,15262.0,15926,1746603
M,2007,57,2158128,15962,1585301.0,9920.0,321207.0,5502.0,1926390.0,15557.0,16272,1814344
M,2008,57,2217057,16471,1652990.0,10237.0,321407.0,5770.0,1995370.0,16159.0,16467,1807079
M,2009,57,2299571,17051,1729282.0,10867.0,318259.0,5710.0,2070656.0,16762.0,17257,1851260
M,2010,57,2325159,17207,1731770.0,10691.0,338708.0,6123.0,2097296.0,16985.0,17421,1905355
M,2011,57,2413433,17829,1780175.0,10689.0,369637.0,6718.0,2178867.0,17598.0,17791,1967413
M,2012,57,2447835,17890,1798621.0,10778.0,384452.0,6701.0,2208581.0,17640.0,18287,2041891
M,2013,57,2509469,18477,1835855.0,10899.0,410303.0,7168.0,2271324.0,18225.0,18656,2044395
M,2014,57,2563161,18829,1801016.0,10255.0,508762.0,8257.0,2323818.0,18602.0,19492,2110149
M,2001,58,1708864,14235,1266644.0,9652.0,246448.0,3805.0,1526480.0,13554.0,14710,1399744
M,2002,58,1664886,13621,1224211.0,9193.0,240809.0,3720.0,1478471.0,13011.0,14163,1348687
M,2003,58,1665822,13401,1215680.0,8798.0,245894.0,3945.0,1476551.0,12893.0,13913,1365498
M,2004,58,1958555,15346,1457597.0,10174.0,277661.0,4501.0,1754585.0,14843.0,13859,1364399
M,2005,58,2175463,17094,1623039.0,11140.0,308984.0,5257.0,1953914.0,16572.0,17318,1819296
M,2006,58,2103309,16739,1550606.0,10712.0,310266.0,5411.0,1880937.0,16249.0,17295,1728992
M,2007,58,2118380,16690,1558469.0,10389.0,315314.0,5693.0,1893485.0,16230.0,16828,1736443
M,2008,58,2142166,16919,1568280.0,10557.0,321740.0,5832.0,1910833.0,16549.0,17178,1804202
M,2009,58,2200586,17305,1655281.0,11324.0,301561.0,5481.0,1979211.0,16978.0,17456,1797118
M,2010,58,2282520,18137,1692020.0,11233.0,334650.0,6486.0,2053894.0,17907.0,18022,1834808
M,2011,58,2307952,18177,1698609.0,10895.0,352989.0,6853.0,2080311.0,17955.0,18349,1892452
M,2012,58,2395604,18978,1760671.0,11617.0,375099.0,6957.0,2161269.0,18721.0,19214,1950176
M,2013,58,2429945,19286,1766495.0,11522.0,399390.0,7399.0,2190941.0,19079.0,19912,2024760
M,2014,58,2490992,20018,1739192.0,10893.0,499620.0,8815.0,2253099.0,19789.0,20199,2027959
M,2001,59,1648389,14912,1210260.0,9996.0,243724.0,4083.0,1466918.0,14205.0,14181,1232487
M,2002,59,1694629,15272,1259012.0,10486.0,239730.0,4018.0,1512926.0,14618.0,15743,1387713
M,2003,59,1651265,14567,1206845.0,9794.0,243385.0,4043.0,1465460.0,13985.0,15259,1336406
M,2004,59,1652421,14005,1196657.0,9194.0,249946.0,4177.0,1463658.0,13504.0,14441,1352760
M,2005,59,1943209,16509,1436593.0,10618.0,283226.0,5195.0,1739742.0,15992.0,15026,1350936
M,2006,59,2158369,18259,1603891.0,11752.0,311603.0,5833.0,1937342.0,17762.0,18335,1801227
M,2007,59,2086570,17319,1532267.0,10992.0,312440.0,5755.0,1864688.0,16896.0,17757,1710700
M,2008,59,2101690,17949,1541030.0,11189.0,315744.0,6265.0,1877255.0,17605.0,17881,1717301
M,2009,59,2125247,18047,1571279.0,11746.0,300985.0,5821.0,1894284.0,17736.0,18186,1783506
M,2010,59,2183281,18503,1617019.0,11550.0,319058.0,6500.0,1962233.0,18253.0,18631,1753871
M,2011,59,2264383,18964,1658627.0,11622.0,348284.0,6883.0,2035987.0,18714.0,19082,1821281
M,2012,59,2289775,19668,1679024.0,12037.0,358277.0,7209.0,2062356.0,19423.0,19763,1874471
M,2013,59,2376626,20319,1727363.0,12044.0,389971.0,7809.0,2142548.0,20040.0,20475,1932434
M,2014,59,2410659,20731,1670364.0,11431.0,487362.0,8941.0,2171862.0,20473.0,21048,2006900
M,2001,60,1469569,14403,1066690.0,9678.0,226396.0,3904.0,1304687.0,13705.0,14542,1138884
M,2002,60,1633477,15990,1203312.0,11013.0,235743.0,4178.0,1452713.0,15327.0,15373,1217335
M,2003,60,1679357,16413,1239728.0,11014.0,242601.0,4618.0,1498308.0,15783.0,16717,1368194
M,2004,60,1636698,15186,1186728.0,9940.0,247437.0,4510.0,1451475.0,14606.0,15745,1315754
M,2005,60,1638416,15185,1177551.0,9753.0,255015.0,4768.0,1450154.0,14682.0,15690,1330174
M,2006,60,1926700,17252,1418453.0,11258.0,285389.0,5307.0,1723750.0,16754.0,15732,1326336
M,2007,60,2140110,19084,1584449.0,12231.0,313886.0,6208.0,1919580.0,18635.0,19256,1766043
M,2008,60,2069251,18730,1514027.0,11913.0,313107.0,6303.0,1847792.0,18374.0,19413,1674280
M,2009,60,2083741,18788,1542852.0,12363.0,295087.0,5938.0,1859650.0,18496.0,19085,1677738
M,2010,60,2107200,18959,1532336.0,11881.0,318646.0,6627.0,1876548.0,18714.0,19103,1745507
M,2011,60,2164778,19964,1584206.0,12255.0,331633.0,7259.0,1943980.0,19727.0,19768,1761228
M,2012,60,2245419,20482,1637865.0,12458.0,353873.0,7560.0,2017273.0,20208.0,20375,1802492
M,2013,60,2270107,21082,1645794.0,12682.0,372516.0,7911.0,2042933.0,20791.0,21148,1856051
M,2014,60,2356307,21601,1630822.0,11704.0,477327.0,9525.0,2122508.0,21352.0,21923,1914009
M,2001,61,1406691,14849,995022.0,9871.0,227166.0,4170.0,1233222.0,14136.0,14909,1110151
M,2002,61,1455166,15408,1059672.0,10481.0,218812.0,4133.0,1290982.0,14741.0,15326,1131638
M,2003,61,1617487,16858,1183821.0,11485.0,238006.0,4602.0,1437386.0,16249.0,16369,1212101
M,2004,61,1662944,17050,1218197.0,11435.0,246346.0,4900.0,1482525.0,16493.0,17418,1365695
M,2005,61,1621512,16303,1166762.0,10555.0,252382.0,5068.0,1436869.0,15789.0,16640,1316923
M,2006,61,1623231,15763,1161499.0,10157.0,256798.0,4983.0,1435472.0,15288.0,16062,1335279
M,2007,61,1909448,18240,1400691.0,11754.0,286885.0,5884.0,1706996.0,17818.0,16407,1334516
M,2008,61,2121026,20728,1564716.0,13255.0,314317.0,6859.0,1900945.0,20307.0,20713,1783203
M,2009,61,2050521,19804,1516306.0,13122.0,291290.0,6168.0,1829418.0,19484.0,20021,1694484
M,2010,61,2064953,19766,1502684.0,12425.0,313251.0,6863.0,1841154.0,19502.0,19629,1679077
M,2011,61,2088241,19910,1500378.0,12351.0,329948.0,7062.0,1857834.0,19662.0,20051,1722457
M,2012,61,2144814,21008,1562445.0,12966.0,336914.0,7562.0,1924253.0,20740.0,20848,1742427
M,2013,61,2224937,21631,1604778.0,12966.0,367321.0,8198.0,1997065.0,21357.0,21784,1783516
M,2014,61,2249025,22539,1550692.0,12540.0,457462.0,9577.0,2022142.0,22257.0,22921,1837080
M,2001,62,1323587,15313,938951.0,10367.0,217176.0,4180.0,1166271.0,14661.0,15801,1056502
M,2002,62,1391842,15984,988962.0,10748.0,218745.0,4483.0,1219086.0,15380.0,16305,1098596
M,2003,62,1439758,16672,1042290.0,11237.0,220543.0,4704.0,1276241.0,16095.0,16600,1119523
M,2004,62,1600629,17657,1163076.0,11854.0,241079.0,5144.0,1421137.0,17175.0,16972,1199144
M,2005,62,1645894,18302,1197832.0,12024.0,250092.0,5578.0,1466032.0,17792.0,18863,1351274
M,2006,62,1605209,17271,1150596.0,11169.0,253497.0,5461.0,1421080.0,16815.0,17719,1303566
M,2007,62,1607468,16542,1146608.0,10540.0,257481.0,5489.0,1420184.0,16173.0,17045,1322109
M,2008,62,1891208,19601,1383331.0,12767.0,286490.0,6293.0,1689178.0,19262.0,17533,1321417
M,2009,62,2100298,21501,1567790.0,14447.0,290423.0,6528.0,1880638.0,21208.0,21950,1767422
M,2010,62,2030717,20746,1476006.0,13181.0,309010.0,7107.0,1809934.0,20519.0,21423,1712692
M,2011,62,2045187,20861,1470969.0,12863.0,323873.0,7517.0,1821652.0,20618.0,20897,1671482
M,2012,62,2068331,21449,1479615.0,13256.0,334983.0,7723.0,1838172.0,21184.0,21706,1703249
M,2013,62,2123806,22389,1530923.0,13552.0,348852.0,8333.0,1903513.0,22102.0,22432,1722456
M,2014,62,2203306,23279,1510837.0,12962.0,450725.0,9839.0,1975708.0,22953.0,23310,1763504
M,2001,63,1306141,16573,922661.0,11110.0,218556.0,4878.0,1150915.0,16109.0,16672,1030410
M,2002,63,1308274,16686,931931.0,11276.0,209040.0,4885.0,1151610.0,16324.0,16861,1045297
M,2003,63,1375858,17167,969962.0,11401.0,221172.0,5208.0,1203706.0,16750.0,16901,1087611
M,2004,63,1423086,17284,1020845.0,11511.0,224123.0,5188.0,1260146.0,16881.0,17039,1108921
M,2005,63,1582972,19184,1139702.0,12625.0,247165.0,6000.0,1403962.0,18827.0,18144,1188493
M,2006,63,1627592,19182,1177758.0,12555.0,252808.0,6131.0,1448240.0,18876.0,19467,1340312
M,2007,63,1587938,18410,1132335.0,11793.0,255641.0,6118.0,1404265.0,18094.0,18821,1294016
M,2008,63,1590926,17961,1129347.0,11566.0,258134.0,5996.0,1404011.0,17729.0,18325,1313243
M,2009,63,1871607,21121,1384613.0,14401.0,265086.0,6271.0,1669916.0,20889.0,18726,1313400
M,2010,63,2078797,23063,1522049.0,14840.0,310998.0,7745.0,1859430.0,22852.0,22714,1672329
M,2011,63,2009971,22010,1441518.0,13897.0,320910.0,7646.0,1789415.0,21805.0,22472,1657509
M,2012,63,2024326,22521,1447003.0,14054.0,330269.0,7993.0,1801034.0,22276.0,22438,1650927
M,2013,63,2046882,23002,1446846.0,14115.0,347029.0,8330.0,1816988.0,22687.0,23058,1681878
M,2014,63,2101417,24042,1436932.0,13452.0,430863.0,10086.0,1881411.0,23676.0,23948,1701827
M,2001,64,1236589,17375,,,,,,,17233,966203
M,2002,64,1289568,17910,911551.0,12348.0,213678.0,5127.0,1134806.0,17616.0,17668,1015731
M,2003,64,1291588,17477,920655.0,12134.0,204155.0,4892.0,1135286.0,17166.0,17686,1029496
M,2004,64,1358691,17707,958561.0,12127.0,215964.0,5038.0,1186956.0,17350.0,17458,1070816
M,2005,64,1405802,18359,1009334.0,12464.0,218935.0,5357.0,1243265.0,18021.0,18104,1090862
M,2006,64,1563788,19727,1127077.0,13298.0,241165.0,5920.0,1385135.0,19439.0,18634,1168771
M,2007,64,1608410,20418,1165203.0,13769.0,246677.0,6171.0,1429364.0,20150.0,20499,1317780
M,2008,64,1569528,19532,1120542.0,12961.0,249523.0,6144.0,1386171.0,19303.0,20143,1270827
M,2009,64,1572965,19041,1117781.0,12534.0,252138.0,6102.0,1386282.0,18839.0,19153,1288629
M,2010,64,1850486,21698,1370212.0,15060.0,258815.0,6243.0,1649027.0,21529.0,19651,1267895
M,2011,64,2055734,24445,1507209.0,16203.0,303253.0,7759.0,1836578.0,24244.0,24324,1729478
M,2012,64,1987961,23510,1427621.0,15102.0,313264.0,7911.0,1767610.0,23299.0,23841,1635390
M,2013,64,2001805,24008,1432949.0,15220.0,322276.0,8279.0,1778758.0,23754.0,23907,1630472
M,2014,64,2023880,24538,1432731.0,15461.0,338699.0,8541.0,1794301.0,24251.0,24104,1661474
M,2001,65,1188403,18168,,,,,,,18366,943626
M,2002,65,1219214,18224,,,,,,,18106,952282
M,2003,65,1271658,18772,899203.0,13251.0,208551.0,5084.0,1117190.0,18483.0,18427,1001903
M,2004,65,1274111,18111,908521.0,12686.0,199263.0,4989.0,1118120.0,17848.0,18136,1015816
M,2005,65,1340984,18703,946434.0,13040.0,210926.0,5212.0,1169606.0,18414.0,18307,1057487
M,2006,65,1387443,18996,996870.0,13103.0,213578.0,5436.0,1225244.0,18725.0,18502,1077812
M,2007,65,1544061,20729,1113779.0,14352.0,235245.0,5894.0,1365696.0,20472.0,19641,1155119
M,2008,65,1587992,21797,1151434.0,15055.0,240506.0,6310.0,1409214.0,21596.0,21669,1303557
M,2009,65,1549996,20362,1107581.0,13824.0,243379.0,6150.0,1366868.0,20183.0,20756,1257340
M,2010,65,1553924,20024,1105247.0,13511.0,246036.0,6144.0,1367443.0,19873.0,20163,1273310
M,2011,65,1828788,23052,1355152.0,16264.0,252572.0,6304.0,1627498.0,22861.0,20066,1272356
M,2012,65,2031289,25545,1491006.0,17290.0,295494.0,7722.0,1812334.0,25344.0,25435,1704827
M,2013,65,1964451,24774,1412519.0,16419.0,305353.0,7820.0,1744311.0,24533.0,25036,1616005
M,2014,65,1977797,25073,1417729.0,16408.0,313997.0,8107.0,1755004.0,24803.0,25236,1607688
M,2001,66,1163882,19238,,,,,,,19340,938399
M,2002,66,1170235,18993,,,,,,,18993,928349
M,2003,66,1200990,19036,,,,,,,18805,937277
M,2004,66,1252886,19243,885952.0,13812.0,203467.0,5010.0,1098707.0,18989.0,18932,986009
M,2005,66,1256000,19005,895835.0,13643.0,194274.0,4938.0,1100272.0,18756.0,18813,1000448
M,2006,66,1322281,19104,933394.0,13617.0,205714.0,5065.0,1151192.0,18869.0,18994,1042044
M,2007,66,1368447,20082,983767.0,14164.0,208142.0,5506.0,1206519.0,19872.0,19431,1061969
M,2008,66,1523332,22121,1099427.0,15587.0,229351.0,6114.0,1345224.0,21932.0,20637,1138633
M,2009,66,1566195,22508,1136379.0,15701.0,234196.0,6374.0,1387618.0,22338.0,22547,1285834
M,2010,66,1529634,21436,1093757.0,14845.0,237229.0,6218.0,1346685.0,21280.0,21498,1248276
M,2011,66,1533900,20606,1091736.0,14074.0,239892.0,6143.0,1347570.0,20432.0,20755,1251872
M,2012,66,1805736,24572,1338888.0,17737.0,246268.0,6352.0,1604637.0,24380.0,21560,1252872
M,2013,66,2005744,27292,1473716.0,18988.0,287772.0,7716.0,1786990.0,27045.0,27466,1683234
M,2014,66,1939677,26500,1396100.0,17703.0,297533.0,8160.0,1719778.0,26202.0,26739,1589127
M,2001,67,1121205,20222,,,,,,,19994,857420
M,2002,67,1144644,20150,,,,,,,20463,922458
M,2003,67,1151242,19851,,,,,,,20079,913146
M,2004,67,1181954,19759,,,,,,,19426,922625
M,2005,67,1233643,20361,872140.0,14742.0,198457.0,5239.0,1079718.0,20134.0,19971,971691
M,2006,67,1236995,20104,882192.0,14675.0,189336.0,5060.0,1081516.0,19909.0,19825,986584
M,2007,67,1303177,20292,919777.0,14564.0,200649.0,5330.0,1132323.0,20082.0,19643,1028624
M,2008,67,1348365,21045,969603.0,15104.0,202636.0,5521.0,1186647.0,20849.0,20474,1048799
M,2009,67,1501211,22748,1083840.0,16317.0,223237.0,6038.0,1323292.0,22593.0,21251,1125678
M,2010,67,1543687,23395,1120678.0,16734.0,227822.0,6245.0,1365280.0,23247.0,23112,1248906
M,2011,67,1508198,22124,1078912.0,15362.0,231011.0,6382.0,1325405.0,21978.0,22425,1218210
M,2012,67,1513294,21770,1077662.0,15310.0,233749.0,6041.0,1327138.0,21593.0,22227,1231618
M,2013,67,1781164,26201,1321151.0,19175.0,239916.0,6511.0,1580257.0,25988.0,22837,1231339
M,2014,67,1978452,29097,1454728.0,20480.0,280056.0,8023.0,1759945.0,28865.0,28743,1653257
M,2001,68,1057379,20656,,,,,,,21299,851383
M,2002,68,1100983,21293,,,,,,,20769,840036
M,2003,68,1124494,21186,,,,,,,21144,904419
M,2004,68,1131391,20418,,,,,,,20402,895181
M,2005,68,1162195,20534,,,,,,,20150,904790
M,2006,68,1213282,20980,857398.0,15366.0,193218.0,5237.0,1059584.0,20768.0,20328,953381
M,2007,68,1216891,20439,867517.0,15212.0,184276.0,4879.0,1061607.0,20258.0,20371,968187
M,2008,68,1282885,21364,905213.0,15622.0,195319.0,5351.0,1112241.0,21191.0,20834,1009620
M,2009,68,1327320,21900,954499.0,16049.0,197115.0,5462.0,1165798.0,21757.0,21279,1029534
M,2010,68,1478463,23761,1067523.0,17293.0,217199.0,6069.0,1300699.0,23626.0,22423,1087296
M,2011,68,1520292,24694,1103944.0,17914.0,221577.0,6346.0,1342033.0,24553.0,24757,1246213
M,2012,68,1486074,23914,1063550.0,17194.0,224629.0,6275.0,1303427.0,23737.0,23802,1196231
M,2013,68,1491524,23322,1062352.0,16548.0,227708.0,6319.0,1305545.0,23146.0,23613,1208652
M,2014,68,1754963,27435,1301976.0,20480.0,233405.0,6418.0,1554269.0,27222.0,24301,1211480
M,2001,69,1079997,22895,,,,,,,23111,836787
M,2002,69,1036723,21584,,,,,,,22259,831542
M,2003,69,1079690,22060,,,,,,,21860,820345
M,2004,69,1103308,21374,,,,,,,21559,883380
M,2005,69,1110973,21175,,,,,,,21171,874711
M,2006,69,1141661,21181,,,,,,,21072,884178
M,2007,69,1192302,21834,842032.0,16284.0,187981.0,5166.0,1038816.0,21626.0,21406,931531
M,2008,69,1196452,21828,852305.0,16339.0,179397.0,5092.0,1041349.0,21647.0,21789,945830
M,2009,69,1261521,22125,889591.0,16541.0,189968.0,5193.0,1091050.0,21966.0,21365,986113
M,2010,69,1305420,23052,938450.0,16949.0,191653.0,5676.0,1144041.0,22922.0,22323,994759
M,2011,69,1454702,25056,1050230.0,18620.0,211130.0,6020.0,1277073.0,24940.0,23370,1083279
M,2012,69,1495598,25896,1086030.0,19074.0,215231.0,6318.0,1317480.0,25695.0,25891,1221308
M,2013,69,1462160,25249,1046356.0,18534.0,218354.0,6302.0,1279690.0,25087.0,25372,1173960
M,2014,69,1468202,24626,1045804.0,17889.0,221389.0,6226.0,1282399.0,24392.0,24783,1187554
M,2001,70,1042755,23988,,,,,,,24481,822982
M,2002,70,1057102,24037,,,,,,,24091,813765
M,2003,70,1015139,22760,,,,,,,23025,808170
M,2004,70,1057630,22654,,,,,,,21909,796318
M,2005,70,1081934,22623,,,,,,,22745,857454
M,2006,70,1089798,21964,,,,,,,21828,848416
M,2007,70,1120480,22139,,,,,,,21522,856729
M,2008,70,1170468,23194,825748.0,17568.0,182815.0,5261.0,1017190.0,23009.0,22443,901774
M,2009,70,1174624,22213,835966.0,16977.0,174305.0,4899.0,1019702.0,22071.0,22148,914700
M,2010,70,1239396,23507,873050.0,17772.0,184775.0,5380.0,1069084.0,23373.0,22614,945611
M,2011,70,1282368,24279,921501.0,18275.0,185977.0,5550.0,1121119.0,24147.0,23568,985133
M,2012,70,1429646,26426,1031610.0,19902.0,205110.0,6050.0,1252133.0,26274.0,24721,1059582
M,2013,70,1469702,27604,1066956.0,20715.0,208913.0,6354.0,1291785.0,27399.0,27596,1198287
M,2014,70,1436911,26433,1027822.0,19540.0,212052.0,6428.0,1254603.0,26232.0,26678,1149247
M,2001,71,1083448,26291,,,,,,,26412,826369
M,2002,71,1018767,24955,,,,,,,25839,802655
M,2003,71,1033065,24405,,,,,,,24264,795334
M,2004,71,992379,22915,,,,,,,23279,791222
M,2005,71,1034976,23788,,,,,,,23027,781306
M,2006,71,1059311,23129,,,,,,,23053,843344
M,2007,71,1067834,22708,,,,,,,22715,836079
M,2008,71,1098341,23201,,,,,,,22728,845857
M,2009,71,1147274,23854,808180.0,18307.0,177554.0,5205.0,994181.0,23710.0,23014,892048
M,2010,71,1152411,23453,818989.0,18190.0,169406.0,4949.0,997631.0,23345.0,23150,900148
M,2011,71,1215889,24418,855278.0,18808.0,179395.0,5229.0,1045711.0,24282.0,23663,931609
M,2012,71,1258089,25463,903226.0,19417.0,180427.0,5604.0,1096972.0,25311.0,24478,961546
M,2013,71,1403220,28206,1011708.0,21659.0,199060.0,6057.0,1225859.0,28062.0,26559,1036368
M,2014,71,1442098,29066,1046241.0,22112.0,202559.0,6439.0,1264386.0,28898.0,29102,1169356
M,2001,72,1019619,26815,,,,,,,27749,774723
M,2002,72,1057157,27293,,,,,,,27160,800131
M,2003,72,993812,25497,,,,,,,26525,776914
M,2004,72,1008660,24658,,,,,,,24605,769205
M,2005,72,969464,24217,,,,,,,24506,765167
M,2006,72,1011188,24132,,,,,,,23260,755357
M,2007,72,1036182,24060,,,,,,,23861,815065
M,2008,72,1045126,24073,,,,,,,24071,807647
M,2009,72,1075140,23897,,,,,,,23374,816692
M,2010,72,1123420,24554,789873.0,19152.0,172349.0,5083.0,970471.0,24438.0,24267,853726
M,2011,72,1128958,24765,800799.0,19376.0,164457.0,5006.0,974286.0,24628.0,24589,879841
M,2012,72,1191471,25376,836470.0,19773.0,174166.0,5203.0,1021429.0,25245.0,24875,907557
M,2013,72,1232626,27016,883809.0,20893.0,174823.0,5627.0,1071661.0,26841.0,25971,937562
M,2014,72,1375014,29866,990049.0,23084.0,193003.0,6201.0,1197797.0,29662.0,27953,1010896
M,2001,73,1019757,29065,,,,,,,29964,760633
M,2002,73,992804,27765,,,,,,,28794,749112
M,2003,73,1029864,28405,,,,,,,28299,774554
M,2004,73,968315,25939,,,,,,,26518,752487
M,2005,73,984002,26090,,,,,,,26520,746001
M,2006,73,945247,24463,,,,,,,24888,743108
M,2007,73,987056,25055,,,,,,,24272,734155
M,2008,73,1012122,25732,,,,,,,25415,792997
M,2009,73,1021053,24562,,,,,,,24485,786497
M,2010,73,1051243,25398,,,,,,,24447,787863
M,2011,73,1098866,26249,770721.0,20638.0,167266.0,5244.0,946033.0,26106.0,25556,837914
M,2012,73,1104193,26169,781423.0,20779.0,159451.0,5017.0,949658.0,26031.0,25535,855045
M,2013,73,1166095,26728,816697.0,21144.0,168963.0,5116.0,996184.0,26559.0,26303,882726
M,2014,73,1205610,28602,862916.0,22447.0,169196.0,5599.0,1044820.0,28421.0,27479,913008
M,2001,74,998235,30849,,,,,,,30865,728731
M,2002,74,990692,29901,,,,,,,30547,731547
M,2003,74,965039,28315,,,,,,,28993,720651
M,2004,74,1001459,28091,,,,,,,28125,744927
M,2005,74,942376,27462,,,,,,,27597,724073
M,2006,74,957912,26675,,,,,,,26415,718165
M,2007,74,920784,25266,,,,,,,25482,715467
M,2008,74,962001,26307,,,,,,,25340,706721
M,2009,74,986390,25987,,,,,,,25575,763506
M,2010,74,996491,25572,,,,,,,25707,756624
M,2011,74,1025845,26412,,,,,,,25527,769886
M,2012,74,1072617,27055,750083.0,21593.0,162022.0,5099.0,919927.0,26914.0,26411,812276
M,2013,74,1078024,27635,760644.0,22175.0,154434.0,5018.0,923627.0,27481.0,27145,829509
M,2014,74,1139367,28455,795553.0,22704.0,163847.0,5288.0,969625.0,28275.0,27634,857432
M,2001,75,960755,31358,,,,,,,32102,685103
M,2002,75,967386,31535,,,,,,,31852,696076
M,2003,75,960791,30675,,,,,,,31567,698219
M,2004,75,936724,29167,,,,,,,29456,686874
M,2005,75,973368,29392,,,,,,,29290,709619
M,2006,75,914914,27406,,,,,,,27997,689385
M,2007,75,931237,27420,,,,,,,27202,683039
M,2008,75,895518,26417,,,,,,,26863,679687
M,2009,75,935694,26625,,,,,,,25537,670445
M,2010,75,960403,27485,,,,,,,26827,721008
M,2011,75,970919,27078,,,,,,,26695,732882
M,2012,75,999433,27477,,,,,,,26619,744120
M,2013,75,1045562,28800,728490.0,23226.0,156923.0,5111.0,893013.0,28626.0,27945,785563
M,2014,75,1050389,28898,738469.0,23494.0,149416.0,4940.0,896146.0,28734.0,28656,803434
M,2001,76,935696,32742,,,,,,,33744,663891
M,2002,76,929397,32384,,,,,,,32924,655316
M,2003,76,935851,32454,,,,,,,32623,667787
M,2004,76,930116,30915,,,,,,,31094,671287
M,2005,76,907557,29689,,,,,,,29912,662437
M,2006,76,943976,30117,,,,,,,30129,686620
M,2007,76,887508,28290,,,,,,,28631,668782
M,2008,76,903817,28543,,,,,,,28136,664284
M,2009,76,869101,26703,,,,,,,26950,662929
M,2010,76,909069,27866,,,,,,,26978,647804
M,2011,76,932918,28250,,,,,,,28124,698292
M,2012,76,943841,27860,,,,,,,27670,705802
M,2013,76,971956,28969,,,,,,,28156,717131
M,2014,76,1016762,29943,705264.0,24496.0,151812.0,5004.0,864387.0,29783.0,29307,758378
